"season","team_id","seed","school_name"
2004,"054c3e85-0552-4549-b123-7e84af6e7b6c",14,"UCF"
2005,"054c3e85-0552-4549-b123-7e84af6e7b6c",15,"UCF"
2004,"06d15d35-4955-4fdd-83d9-32d24dbd795b",13,"UTEP"
2005,"06d15d35-4955-4fdd-83d9-32d24dbd795b",11,"UTEP"
2010,"06d15d35-4955-4fdd-83d9-32d24dbd795b",12,"UTEP"
2002,"06f7c904-0ac7-4125-b0f4-f4871bb69057",5,"Marquette"
2003,"06f7c904-0ac7-4125-b0f4-f4871bb69057",3,"Marquette"
2006,"06f7c904-0ac7-4125-b0f4-f4871bb69057",7,"Marquette"
2007,"06f7c904-0ac7-4125-b0f4-f4871bb69057",8,"Marquette"
2008,"06f7c904-0ac7-4125-b0f4-f4871bb69057",6,"Marquette"
2009,"06f7c904-0ac7-4125-b0f4-f4871bb69057",6,"Marquette"
2010,"06f7c904-0ac7-4125-b0f4-f4871bb69057",6,"Marquette"
2011,"06f7c904-0ac7-4125-b0f4-f4871bb69057",11,"Marquette"
2012,"06f7c904-0ac7-4125-b0f4-f4871bb69057",3,"Marquette"
2013,"06f7c904-0ac7-4125-b0f4-f4871bb69057",3,"Marquette"
2006,"095417ae-62b0-4109-afc4-d92918599dd4",16,"Oral Roberts"
2007,"095417ae-62b0-4109-afc4-d92918599dd4",14,"Oral Roberts"
2008,"095417ae-62b0-4109-afc4-d92918599dd4",13,"Oral Roberts"
2015,"09920a5f-1b25-466c-b5ae-6167214f5ba9",16,"North Florida"
2014,"0affc15f-641d-4211-970d-fb9fb8d36842",13,"Delaware"
2000,"0c0608b3-f349-4f5e-9a10-7e6a744dd0d2",7,"Auburn"
2003,"0c0608b3-f349-4f5e-9a10-7e6a744dd0d2",10,"Auburn"
2000,"0d037a5d-827a-44dd-8b70-57603d671d5d",8,"Utah"
2002,"0d037a5d-827a-44dd-8b70-57603d671d5d",12,"Utah"
2003,"0d037a5d-827a-44dd-8b70-57603d671d5d",9,"Utah"
2004,"0d037a5d-827a-44dd-8b70-57603d671d5d",11,"Utah"
2005,"0d037a5d-827a-44dd-8b70-57603d671d5d",6,"Utah"
2009,"0d037a5d-827a-44dd-8b70-57603d671d5d",5,"Utah"
2015,"0d037a5d-827a-44dd-8b70-57603d671d5d",5,"Utah"
2016,"0d037a5d-827a-44dd-8b70-57603d671d5d",3,"Utah"
2001,"0d8a328f-20ce-410b-bed1-15fc01308aaf",11,"Xavier"
2002,"0d8a328f-20ce-410b-bed1-15fc01308aaf",7,"Xavier"
2003,"0d8a328f-20ce-410b-bed1-15fc01308aaf",3,"Xavier"
2004,"0d8a328f-20ce-410b-bed1-15fc01308aaf",7,"Xavier"
2006,"0d8a328f-20ce-410b-bed1-15fc01308aaf",14,"Xavier"
2007,"0d8a328f-20ce-410b-bed1-15fc01308aaf",9,"Xavier"
2008,"0d8a328f-20ce-410b-bed1-15fc01308aaf",3,"Xavier"
2009,"0d8a328f-20ce-410b-bed1-15fc01308aaf",4,"Xavier"
2010,"0d8a328f-20ce-410b-bed1-15fc01308aaf",6,"Xavier"
2011,"0d8a328f-20ce-410b-bed1-15fc01308aaf",6,"Xavier"
2012,"0d8a328f-20ce-410b-bed1-15fc01308aaf",10,"Xavier"
2014,"0d8a328f-20ce-410b-bed1-15fc01308aaf",12,"Xavier"
2015,"0d8a328f-20ce-410b-bed1-15fc01308aaf",6,"Xavier"
2016,"0d8a328f-20ce-410b-bed1-15fc01308aaf",2,"Xavier"
2011,"0dadedb0-2bd3-45e7-91a3-93af6c4e87f2",16,"Little Rock"
2016,"0dadedb0-2bd3-45e7-91a3-93af6c4e87f2",12,"Little Rock"
2000,"0e4258fa-3154-4c16-b693-adecab184c6c",2,"Iowa St."
2001,"0e4258fa-3154-4c16-b693-adecab184c6c",2,"Iowa St."
2005,"0e4258fa-3154-4c16-b693-adecab184c6c",9,"Iowa St."
2012,"0e4258fa-3154-4c16-b693-adecab184c6c",8,"Iowa St."
2013,"0e4258fa-3154-4c16-b693-adecab184c6c",10,"Iowa St."
2014,"0e4258fa-3154-4c16-b693-adecab184c6c",3,"Iowa St."
2015,"0e4258fa-3154-4c16-b693-adecab184c6c",3,"Iowa St."
2016,"0e4258fa-3154-4c16-b693-adecab184c6c",4,"Iowa St."
2001,"0f63a6f5-bda7-4fd9-9271-8d33f555ca19",8,"Georgia Tech"
2004,"0f63a6f5-bda7-4fd9-9271-8d33f555ca19",3,"Georgia Tech"
2005,"0f63a6f5-bda7-4fd9-9271-8d33f555ca19",5,"Georgia Tech"
2007,"0f63a6f5-bda7-4fd9-9271-8d33f555ca19",10,"Georgia Tech"
2010,"0f63a6f5-bda7-4fd9-9271-8d33f555ca19",10,"Georgia Tech"
2006,"10c614fa-9646-46cf-a1fb-5af96772bbb8",14,"South Ala."
2008,"10c614fa-9646-46cf-a1fb-5af96772bbb8",10,"South Ala."
2007,"10f450ce-143b-4e46-8bfe-52c644b68b07",15,"North Texas"
2010,"10f450ce-143b-4e46-8bfe-52c644b68b07",15,"North Texas"
2007,"1165ca31-f181-4206-b727-c4e897e4b5cd",14,"Miami (OH)"
2007,"11a617d5-af03-4cce-bc8a-51114d9e41fe",12,"Long Beach St."
2012,"11a617d5-af03-4cce-bc8a-51114d9e41fe",12,"Long Beach St."
2000,"12d7f888-675b-459f-9099-a38f771d8a95",6,"Purdue"
2003,"12d7f888-675b-459f-9099-a38f771d8a95",9,"Purdue"
2007,"12d7f888-675b-459f-9099-a38f771d8a95",9,"Purdue"
2008,"12d7f888-675b-459f-9099-a38f771d8a95",6,"Purdue"
2009,"12d7f888-675b-459f-9099-a38f771d8a95",5,"Purdue"
2010,"12d7f888-675b-459f-9099-a38f771d8a95",4,"Purdue"
2011,"12d7f888-675b-459f-9099-a38f771d8a95",3,"Purdue"
2012,"12d7f888-675b-459f-9099-a38f771d8a95",10,"Purdue"
2015,"12d7f888-675b-459f-9099-a38f771d8a95",9,"Purdue"
2016,"12d7f888-675b-459f-9099-a38f771d8a95",5,"Purdue"
2010,"1394dd8a-040e-4509-9ee3-761d60eaf6c9",16,"Ark.-Pine Bluff"
2000,"150148c2-ca8f-414f-8f41-d94a55d4a122",4,"Illinois"
2001,"150148c2-ca8f-414f-8f41-d94a55d4a122",1,"Illinois"
2002,"150148c2-ca8f-414f-8f41-d94a55d4a122",4,"Illinois"
2003,"150148c2-ca8f-414f-8f41-d94a55d4a122",4,"Illinois"
2004,"150148c2-ca8f-414f-8f41-d94a55d4a122",5,"Illinois"
2005,"150148c2-ca8f-414f-8f41-d94a55d4a122",1,"Illinois"
2006,"150148c2-ca8f-414f-8f41-d94a55d4a122",4,"Illinois"
2007,"150148c2-ca8f-414f-8f41-d94a55d4a122",12,"Illinois"
2009,"150148c2-ca8f-414f-8f41-d94a55d4a122",5,"Illinois"
2011,"150148c2-ca8f-414f-8f41-d94a55d4a122",9,"Illinois"
2013,"150148c2-ca8f-414f-8f41-d94a55d4a122",7,"Illinois"
2003,"1551b3a0-6d10-4ffa-8dfa-73b56f004553",7,"Memphis"
2004,"1551b3a0-6d10-4ffa-8dfa-73b56f004553",7,"Memphis"
2006,"1551b3a0-6d10-4ffa-8dfa-73b56f004553",1,"Memphis"
2007,"1551b3a0-6d10-4ffa-8dfa-73b56f004553",2,"Memphis"
2008,"1551b3a0-6d10-4ffa-8dfa-73b56f004553",1,"Memphis"
2009,"1551b3a0-6d10-4ffa-8dfa-73b56f004553",2,"Memphis"
2011,"1551b3a0-6d10-4ffa-8dfa-73b56f004553",12,"Memphis"
2012,"1551b3a0-6d10-4ffa-8dfa-73b56f004553",8,"Memphis"
2013,"1551b3a0-6d10-4ffa-8dfa-73b56f004553",6,"Memphis"
2014,"1551b3a0-6d10-4ffa-8dfa-73b56f004553",8,"Memphis"
2001,"161354af-1f3e-4d58-88f7-e016ec74b7b6",15,"Hampton"
2002,"161354af-1f3e-4d58-88f7-e016ec74b7b6",15,"Hampton"
2006,"161354af-1f3e-4d58-88f7-e016ec74b7b6",16,"Hampton"
2011,"161354af-1f3e-4d58-88f7-e016ec74b7b6",16,"Hampton"
2015,"161354af-1f3e-4d58-88f7-e016ec74b7b6",16,"Hampton"
2016,"161354af-1f3e-4d58-88f7-e016ec74b7b6",16,"Hampton"
2000,"17479d6f-c8f1-458b-9412-8c76279a2bb4",11,"Pepperdine"
2002,"17479d6f-c8f1-458b-9412-8c76279a2bb4",10,"Pepperdine"
2000,"1753768d-e46e-40b1-8d69-a8ae5cccec03",15,"Northern Ariz."
2012,"175d34a7-3823-4e4f-9f11-2464f55360b8",15,"Loyola Maryland"
2003,"18e89867-9201-41ce-ba19-fadddf92fa17",16,"Vermont"
2004,"18e89867-9201-41ce-ba19-fadddf92fa17",15,"Vermont"
2005,"18e89867-9201-41ce-ba19-fadddf92fa17",13,"Vermont"
2010,"18e89867-9201-41ce-ba19-fadddf92fa17",16,"Vermont"
2012,"18e89867-9201-41ce-ba19-fadddf92fa17",16,"Vermont"
2003,"1a470730-f328-4fb1-8bbf-36a069e4d6b2",14,"Colorado St."
2012,"1a470730-f328-4fb1-8bbf-36a069e4d6b2",11,"Colorado St."
2013,"1a470730-f328-4fb1-8bbf-36a069e4d6b2",8,"Colorado St."
2005,"1b1977ec-b32f-4ce3-95a4-d07bab4816cd",12,"New Mexico"
2010,"1b1977ec-b32f-4ce3-95a4-d07bab4816cd",3,"New Mexico"
2012,"1b1977ec-b32f-4ce3-95a4-d07bab4816cd",5,"New Mexico"
2013,"1b1977ec-b32f-4ce3-95a4-d07bab4816cd",3,"New Mexico"
2014,"1b1977ec-b32f-4ce3-95a4-d07bab4816cd",7,"New Mexico"
2012,"1b78e7f6-f25c-4921-98e2-9bc565f8dfb4",15,"Detroit Mercy"
2002,"1bddc811-44cf-4e53-b4ab-11c8dc82c9de",16,"Alcorn"
2004,"1c7ec608-3b36-4cee-adac-9265e3792597",10,"South Carolina"
2000,"1da70895-f77f-44ef-b216-d63c02e696eb",7,"Oregon"
2002,"1da70895-f77f-44ef-b216-d63c02e696eb",2,"Oregon"
2003,"1da70895-f77f-44ef-b216-d63c02e696eb",8,"Oregon"
2007,"1da70895-f77f-44ef-b216-d63c02e696eb",3,"Oregon"
2008,"1da70895-f77f-44ef-b216-d63c02e696eb",9,"Oregon"
2013,"1da70895-f77f-44ef-b216-d63c02e696eb",12,"Oregon"
2014,"1da70895-f77f-44ef-b216-d63c02e696eb",7,"Oregon"
2015,"1da70895-f77f-44ef-b216-d63c02e696eb",8,"Oregon"
2016,"1da70895-f77f-44ef-b216-d63c02e696eb",1,"Oregon"
2000,"1e42cce3-236b-4f3e-9650-2c45e6332e1e",9,"Saint Louis"
2012,"1e42cce3-236b-4f3e-9650-2c45e6332e1e",9,"Saint Louis"
2013,"1e42cce3-236b-4f3e-9650-2c45e6332e1e",4,"Saint Louis"
2014,"1e42cce3-236b-4f3e-9650-2c45e6332e1e",5,"Saint Louis"
2010,"1f99a164-d593-4d81-85d5-0d7889d6f486",13,"Houston"
2000,"2267a1f4-68f6-418b-aaf6-2aa0c4b291f1",5,"Kentucky"
2001,"2267a1f4-68f6-418b-aaf6-2aa0c4b291f1",2,"Kentucky"
2002,"2267a1f4-68f6-418b-aaf6-2aa0c4b291f1",4,"Kentucky"
2003,"2267a1f4-68f6-418b-aaf6-2aa0c4b291f1",1,"Kentucky"
2004,"2267a1f4-68f6-418b-aaf6-2aa0c4b291f1",1,"Kentucky"
2005,"2267a1f4-68f6-418b-aaf6-2aa0c4b291f1",2,"Kentucky"
2006,"2267a1f4-68f6-418b-aaf6-2aa0c4b291f1",8,"Kentucky"
2007,"2267a1f4-68f6-418b-aaf6-2aa0c4b291f1",8,"Kentucky"
2008,"2267a1f4-68f6-418b-aaf6-2aa0c4b291f1",11,"Kentucky"
2010,"2267a1f4-68f6-418b-aaf6-2aa0c4b291f1",1,"Kentucky"
2011,"2267a1f4-68f6-418b-aaf6-2aa0c4b291f1",4,"Kentucky"
2012,"2267a1f4-68f6-418b-aaf6-2aa0c4b291f1",1,"Kentucky"
2014,"2267a1f4-68f6-418b-aaf6-2aa0c4b291f1",8,"Kentucky"
2015,"2267a1f4-68f6-418b-aaf6-2aa0c4b291f1",1,"Kentucky"
2016,"2267a1f4-68f6-418b-aaf6-2aa0c4b291f1",4,"Kentucky"
2000,"22d90601-19d4-461b-a901-924d12f116ed",12,"St. Bonaventure"
2012,"22d90601-19d4-461b-a901-924d12f116ed",14,"St. Bonaventure"
2016,"23426c0b-1705-4dfb-a0e2-efdbdd8fd6f6",13,"Stony Brook"
2001,"23fec4e7-108f-4569-85d1-bef2f794e925",15,"Eastern Ill."
2002,"24051034-96bb-4f78-a3a6-312f3258780f",3,"Pittsburgh"
2003,"24051034-96bb-4f78-a3a6-312f3258780f",2,"Pittsburgh"
2004,"24051034-96bb-4f78-a3a6-312f3258780f",3,"Pittsburgh"
2005,"24051034-96bb-4f78-a3a6-312f3258780f",9,"Pittsburgh"
2006,"24051034-96bb-4f78-a3a6-312f3258780f",5,"Pittsburgh"
2007,"24051034-96bb-4f78-a3a6-312f3258780f",3,"Pittsburgh"
2008,"24051034-96bb-4f78-a3a6-312f3258780f",4,"Pittsburgh"
2009,"24051034-96bb-4f78-a3a6-312f3258780f",1,"Pittsburgh"
2010,"24051034-96bb-4f78-a3a6-312f3258780f",3,"Pittsburgh"
2011,"24051034-96bb-4f78-a3a6-312f3258780f",1,"Pittsburgh"
2013,"24051034-96bb-4f78-a3a6-312f3258780f",8,"Pittsburgh"
2014,"24051034-96bb-4f78-a3a6-312f3258780f",9,"Pittsburgh"
2016,"24051034-96bb-4f78-a3a6-312f3258780f",10,"Pittsburgh"
2000,"255c2a87-40c0-4989-bbb9-d286aac5d28e",14,"Iona"
2001,"255c2a87-40c0-4989-bbb9-d286aac5d28e",14,"Iona"
2006,"255c2a87-40c0-4989-bbb9-d286aac5d28e",13,"Iona"
2012,"255c2a87-40c0-4989-bbb9-d286aac5d28e",14,"Iona"
2013,"255c2a87-40c0-4989-bbb9-d286aac5d28e",15,"Iona"
2016,"255c2a87-40c0-4989-bbb9-d286aac5d28e",13,"Iona"
2001,"267d417a-8f85-4c87-a15a-068c089a74c6",16,"Alabama St."
2004,"267d417a-8f85-4c87-a15a-068c089a74c6",16,"Alabama St."
2009,"267d417a-8f85-4c87-a15a-068c089a74c6",16,"Alabama St."
2011,"267d417a-8f85-4c87-a15a-068c089a74c6",16,"Alabama St."
2000,"2778d005-cc14-4e58-9bf2-3fc37bffb62f",3,"Maryland"
2001,"2778d005-cc14-4e58-9bf2-3fc37bffb62f",3,"Maryland"
2002,"2778d005-cc14-4e58-9bf2-3fc37bffb62f",1,"Maryland"
2003,"2778d005-cc14-4e58-9bf2-3fc37bffb62f",6,"Maryland"
2004,"2778d005-cc14-4e58-9bf2-3fc37bffb62f",4,"Maryland"
2007,"2778d005-cc14-4e58-9bf2-3fc37bffb62f",4,"Maryland"
2009,"2778d005-cc14-4e58-9bf2-3fc37bffb62f",10,"Maryland"
2010,"2778d005-cc14-4e58-9bf2-3fc37bffb62f",4,"Maryland"
2015,"2778d005-cc14-4e58-9bf2-3fc37bffb62f",4,"Maryland"
2016,"2778d005-cc14-4e58-9bf2-3fc37bffb62f",5,"Maryland"
2006,"290a5130-836d-45e6-824f-28704d6ba246",16,"Albany (NY)"
2007,"290a5130-836d-45e6-824f-28704d6ba246",13,"Albany (NY)"
2013,"290a5130-836d-45e6-824f-28704d6ba246",15,"Albany (NY)"
2014,"290a5130-836d-45e6-824f-28704d6ba246",16,"Albany (NY)"
2015,"290a5130-836d-45e6-824f-28704d6ba246",14,"Albany (NY)"
2002,"2920c5fa-1e86-4958-a7c4-1e97b8e201d8",13,"Davidson"
2006,"2920c5fa-1e86-4958-a7c4-1e97b8e201d8",15,"Davidson"
2007,"2920c5fa-1e86-4958-a7c4-1e97b8e201d8",13,"Davidson"
2008,"2920c5fa-1e86-4958-a7c4-1e97b8e201d8",10,"Davidson"
2012,"2920c5fa-1e86-4958-a7c4-1e97b8e201d8",13,"Davidson"
2013,"2920c5fa-1e86-4958-a7c4-1e97b8e201d8",14,"Davidson"
2015,"2920c5fa-1e86-4958-a7c4-1e97b8e201d8",10,"Davidson"
2000,"2959bd24-7007-41ae-a3a3-abdf26888cfc",7,"Tulsa"
2002,"2959bd24-7007-41ae-a3a3-abdf26888cfc",12,"Tulsa"
2003,"2959bd24-7007-41ae-a3a3-abdf26888cfc",13,"Tulsa"
2014,"2959bd24-7007-41ae-a3a3-abdf26888cfc",13,"Tulsa"
2016,"2959bd24-7007-41ae-a3a3-abdf26888cfc",11,"Tulsa"
2000,"2a997096-a381-469d-a7e9-9e031c8b071c",12,"Indiana St."
2001,"2a997096-a381-469d-a7e9-9e031c8b071c",13,"Indiana St."
2011,"2a997096-a381-469d-a7e9-9e031c8b071c",14,"Indiana St."
2004,"2c93a75d-5449-4ec1-9ca2-1e6c812399a4",14,"UNI"
2005,"2c93a75d-5449-4ec1-9ca2-1e6c812399a4",11,"UNI"
2006,"2c93a75d-5449-4ec1-9ca2-1e6c812399a4",10,"UNI"
2009,"2c93a75d-5449-4ec1-9ca2-1e6c812399a4",12,"UNI"
2010,"2c93a75d-5449-4ec1-9ca2-1e6c812399a4",9,"UNI"
2015,"2c93a75d-5449-4ec1-9ca2-1e6c812399a4",5,"UNI"
2016,"2c93a75d-5449-4ec1-9ca2-1e6c812399a4",11,"UNI"
2007,"2d4f0015-adb4-4877-8c15-4a6eed7eed03",3,"Washington St."
2008,"2d4f0015-adb4-4877-8c15-4a6eed7eed03",4,"Washington St."
2016,"2da57857-b038-4ad3-8199-e3fb339f57d2",15,"CSU Bakersfield"
2000,"2f4d21f8-6d5f-48a5-abca-52a30583871a",10,"Gonzaga"
2001,"2f4d21f8-6d5f-48a5-abca-52a30583871a",12,"Gonzaga"
2002,"2f4d21f8-6d5f-48a5-abca-52a30583871a",6,"Gonzaga"
2003,"2f4d21f8-6d5f-48a5-abca-52a30583871a",9,"Gonzaga"
2004,"2f4d21f8-6d5f-48a5-abca-52a30583871a",2,"Gonzaga"
2005,"2f4d21f8-6d5f-48a5-abca-52a30583871a",3,"Gonzaga"
2006,"2f4d21f8-6d5f-48a5-abca-52a30583871a",3,"Gonzaga"
2007,"2f4d21f8-6d5f-48a5-abca-52a30583871a",10,"Gonzaga"
2008,"2f4d21f8-6d5f-48a5-abca-52a30583871a",7,"Gonzaga"
2009,"2f4d21f8-6d5f-48a5-abca-52a30583871a",4,"Gonzaga"
2010,"2f4d21f8-6d5f-48a5-abca-52a30583871a",8,"Gonzaga"
2011,"2f4d21f8-6d5f-48a5-abca-52a30583871a",11,"Gonzaga"
2012,"2f4d21f8-6d5f-48a5-abca-52a30583871a",7,"Gonzaga"
2013,"2f4d21f8-6d5f-48a5-abca-52a30583871a",1,"Gonzaga"
2014,"2f4d21f8-6d5f-48a5-abca-52a30583871a",8,"Gonzaga"
2015,"2f4d21f8-6d5f-48a5-abca-52a30583871a",2,"Gonzaga"
2016,"2f4d21f8-6d5f-48a5-abca-52a30583871a",11,"Gonzaga"
2008,"2f513e67-f019-4eec-9096-fbc5911858b6",15,"American"
2009,"2f513e67-f019-4eec-9096-fbc5911858b6",14,"American"
2014,"2f513e67-f019-4eec-9096-fbc5911858b6",15,"American"
2000,"315c4deb-3c9d-413d-a369-7168f2545d21",11,"Ball St."
2001,"31aedd91-a77e-46c1-8bdc-80e9860c159d",15,"Holy Cross"
2002,"31aedd91-a77e-46c1-8bdc-80e9860c159d",16,"Holy Cross"
2003,"31aedd91-a77e-46c1-8bdc-80e9860c159d",14,"Holy Cross"
2007,"31aedd91-a77e-46c1-8bdc-80e9860c159d",13,"Holy Cross"
2016,"31aedd91-a77e-46c1-8bdc-80e9860c159d",16,"Holy Cross"
2007,"324ccccc-575b-4b82-acb0-fbb8e68da13b",5,"Virginia Tech"
2008,"32755362-6336-4dd3-ac34-6f72a6cc150b",15,"UMBC"
2005,"327f09e2-e75f-4014-8ef7-caf9202cd583",13,"Ohio"
2010,"327f09e2-e75f-4014-8ef7-caf9202cd583",14,"Ohio"
2012,"327f09e2-e75f-4014-8ef7-caf9202cd583",13,"Ohio"
2000,"36ca2008-cd2e-4549-8b3b-c745167e07f3",14,"Hofstra"
2001,"36ca2008-cd2e-4549-8b3b-c745167e07f3",13,"Hofstra"
2015,"39d00ef7-320d-47cf-a2fa-859bc24d16b4",13,"UC Irvine"
2001,"3a000455-de7c-4ca8-880e-abdce7f21da9",6,"Southern California"
2002,"3a000455-de7c-4ca8-880e-abdce7f21da9",4,"Southern California"
2007,"3a000455-de7c-4ca8-880e-abdce7f21da9",5,"Southern California"
2008,"3a000455-de7c-4ca8-880e-abdce7f21da9",6,"Southern California"
2009,"3a000455-de7c-4ca8-880e-abdce7f21da9",10,"Southern California"
2011,"3a000455-de7c-4ca8-880e-abdce7f21da9",11,"Southern California"
2016,"3a000455-de7c-4ca8-880e-abdce7f21da9",8,"Southern California"
2002,"3b6293f3-03db-46d2-8793-248963c2d83b",14,"UC Santa Barbara"
2010,"3b6293f3-03db-46d2-8793-248963c2d83b",15,"UC Santa Barbara"
2011,"3b6293f3-03db-46d2-8793-248963c2d83b",15,"UC Santa Barbara"
2003,"3b644902-cd06-4930-9a3e-6c78cfb1f464",15,"Wagner"
2013,"3d2f0819-8f3b-4ff3-afd6-6227c469a751",11,"Middle Tenn."
2016,"3d2f0819-8f3b-4ff3-afd6-6227c469a751",15,"Middle Tenn."
2001,"3da4798c-2d58-4dac-b66e-ad145a91b544",13,"Kent St."
2002,"3da4798c-2d58-4dac-b66e-ad145a91b544",10,"Kent St."
2006,"3da4798c-2d58-4dac-b66e-ad145a91b544",12,"Kent St."
2008,"3da4798c-2d58-4dac-b66e-ad145a91b544",9,"Kent St."
2001,"3db7336c-c18a-441b-912e-e2a4408f12ea",16,"Monmouth"
2004,"3db7336c-c18a-441b-912e-e2a4408f12ea",15,"Monmouth"
2006,"3db7336c-c18a-441b-912e-e2a4408f12ea",16,"Monmouth"
2015,"3f4515ea-4472-46b9-ac9e-16d7d8f22a38",6,"SMU"
2005,"4383eb6a-7fd8-4ff2-94c5-43c933121e88",5,"Villanova"
2006,"4383eb6a-7fd8-4ff2-94c5-43c933121e88",1,"Villanova"
2007,"4383eb6a-7fd8-4ff2-94c5-43c933121e88",9,"Villanova"
2008,"4383eb6a-7fd8-4ff2-94c5-43c933121e88",12,"Villanova"
2009,"4383eb6a-7fd8-4ff2-94c5-43c933121e88",3,"Villanova"
2010,"4383eb6a-7fd8-4ff2-94c5-43c933121e88",2,"Villanova"
2011,"4383eb6a-7fd8-4ff2-94c5-43c933121e88",9,"Villanova"
2013,"4383eb6a-7fd8-4ff2-94c5-43c933121e88",9,"Villanova"
2014,"4383eb6a-7fd8-4ff2-94c5-43c933121e88",2,"Villanova"
2015,"4383eb6a-7fd8-4ff2-94c5-43c933121e88",1,"Villanova"
2016,"4383eb6a-7fd8-4ff2-94c5-43c933121e88",2,"Villanova"
2014,"45439cdb-af7a-4743-936c-dccc76b30877",16,"Cal Poly"
2003,"472c22e0-843d-472c-a871-f1593fb0725d",11,"Central Mich."
2003,"4743cb7c-784a-4b95-a380-5471f92f2217",12,"Weber St."
2007,"4743cb7c-784a-4b95-a380-5471f92f2217",15,"Weber St."
2014,"4743cb7c-784a-4b95-a380-5471f92f2217",16,"Weber St."
2016,"4743cb7c-784a-4b95-a380-5471f92f2217",15,"Weber St."
2001,"4aebd148-8119-4875-954c-66779867989b",7,"Penn St."
2011,"4aebd148-8119-4875-954c-66779867989b",10,"Penn St."
2014,"4af63ebd-d3c8-4772-bbde-938a078bd057",16,"Coastal Caro."
2015,"4af63ebd-d3c8-4772-bbde-938a078bd057",16,"Coastal Caro."
2001,"4b3ff02c-e0ba-435b-a565-6075bc491684",3,"Boston College"
2002,"4b3ff02c-e0ba-435b-a565-6075bc491684",11,"Boston College"
2004,"4b3ff02c-e0ba-435b-a565-6075bc491684",6,"Boston College"
2005,"4b3ff02c-e0ba-435b-a565-6075bc491684",4,"Boston College"
2006,"4b3ff02c-e0ba-435b-a565-6075bc491684",4,"Boston College"
2007,"4b3ff02c-e0ba-435b-a565-6075bc491684",7,"Boston College"
2009,"4b3ff02c-e0ba-435b-a565-6075bc491684",7,"Boston College"
2005,"4c9fb59b-6cec-4b0d-bb0f-628b391d138c",15,"Chattanooga"
2009,"4c9fb59b-6cec-4b0d-bb0f-628b391d138c",16,"Chattanooga"
2016,"4c9fb59b-6cec-4b0d-bb0f-628b391d138c",12,"Chattanooga"
2001,"4f4b0771-994c-4126-822d-7525aaa00f65",8,"Georgia"
2002,"4f4b0771-994c-4126-822d-7525aaa00f65",3,"Georgia"
2008,"4f4b0771-994c-4126-822d-7525aaa00f65",14,"Georgia"
2011,"4f4b0771-994c-4126-822d-7525aaa00f65",10,"Georgia"
2015,"4f4b0771-994c-4126-822d-7525aaa00f65",10,"Georgia"
2001,"4fbebf0a-e117-4a0c-8f15-c247535a2a1b",7,"Wake Forest"
2002,"4fbebf0a-e117-4a0c-8f15-c247535a2a1b",7,"Wake Forest"
2003,"4fbebf0a-e117-4a0c-8f15-c247535a2a1b",2,"Wake Forest"
2004,"4fbebf0a-e117-4a0c-8f15-c247535a2a1b",4,"Wake Forest"
2005,"4fbebf0a-e117-4a0c-8f15-c247535a2a1b",2,"Wake Forest"
2009,"4fbebf0a-e117-4a0c-8f15-c247535a2a1b",4,"Wake Forest"
2010,"4fbebf0a-e117-4a0c-8f15-c247535a2a1b",9,"Wake Forest"
2007,"5016fe1a-9571-4d10-bf5b-b9c1b496bd57",13,"New Mexico St."
2010,"5016fe1a-9571-4d10-bf5b-b9c1b496bd57",12,"New Mexico St."
2012,"5016fe1a-9571-4d10-bf5b-b9c1b496bd57",13,"New Mexico St."
2013,"5016fe1a-9571-4d10-bf5b-b9c1b496bd57",13,"New Mexico St."
2014,"5016fe1a-9571-4d10-bf5b-b9c1b496bd57",13,"New Mexico St."
2015,"5016fe1a-9571-4d10-bf5b-b9c1b496bd57",15,"New Mexico St."
2004,"508f503f-dc57-4f4c-a01e-4f195e5c05c8",16,"Lehigh"
2010,"508f503f-dc57-4f4c-a01e-4f195e5c05c8",16,"Lehigh"
2012,"508f503f-dc57-4f4c-a01e-4f195e5c05c8",15,"Lehigh"
2013,"524e3eec-7dde-45c7-b3cc-6308cec73350",16,"James Madison"
2002,"52df1e19-b142-4a76-a439-ad68455d0581",7,"NC State"
2003,"52df1e19-b142-4a76-a439-ad68455d0581",9,"NC State"
2004,"52df1e19-b142-4a76-a439-ad68455d0581",3,"NC State"
2005,"52df1e19-b142-4a76-a439-ad68455d0581",10,"NC State"
2006,"52df1e19-b142-4a76-a439-ad68455d0581",10,"NC State"
2012,"52df1e19-b142-4a76-a439-ad68455d0581",11,"NC State"
2013,"52df1e19-b142-4a76-a439-ad68455d0581",8,"NC State"
2014,"52df1e19-b142-4a76-a439-ad68455d0581",12,"NC State"
2015,"52df1e19-b142-4a76-a439-ad68455d0581",8,"NC State"
2013,"5326c079-3dc3-468f-a601-b776dd9c1e62",15,"FGCU"
2016,"5326c079-3dc3-468f-a601-b776dd9c1e62",16,"FGCU"
2016,"532d3874-b4b3-4c5c-acc6-749a6db26c8f",7,"Oregon St."
2013,"53aaac6a-796e-41a6-a04e-6ce74c5717f8",16,"N.C. A&T"
2004,"54df21af-8f65-42fc-bc01-8bf750856d70",15,"Eastern Wash."
2015,"54df21af-8f65-42fc-bc01-8bf750856d70",13,"Eastern Wash."
2004,"559db90c-741f-40d1-aa81-3fdd1d4889f3",16,"Liberty"
2013,"559db90c-741f-40d1-aa81-3fdd1d4889f3",16,"Liberty"
2012,"55af9c69-3675-4b9b-a882-96640b782fff",12,"South Fla."
2005,"55cd5bb4-b030-4a7a-9652-6cebaf81c574",15,"Southeastern La."
2001,"56913910-87f7-4ad7-ae3b-5cd9fb218fd9",5,"Virginia"
2007,"56913910-87f7-4ad7-ae3b-5cd9fb218fd9",4,"Virginia"
2012,"56913910-87f7-4ad7-ae3b-5cd9fb218fd9",10,"Virginia"
2014,"56913910-87f7-4ad7-ae3b-5cd9fb218fd9",1,"Virginia"
2015,"56913910-87f7-4ad7-ae3b-5cd9fb218fd9",2,"Virginia"
2016,"56913910-87f7-4ad7-ae3b-5cd9fb218fd9",1,"Virginia"
2009,"56fe0ab2-e4f0-47b9-8726-9ce23ebcde20",13,"Akron"
2011,"56fe0ab2-e4f0-47b9-8726-9ce23ebcde20",15,"Akron"
2013,"56fe0ab2-e4f0-47b9-8726-9ce23ebcde20",12,"Akron"
2009,"576b816b-5b9a-4768-a62b-f8435a8272c2",15,"Morgan St."
2010,"576b816b-5b9a-4768-a62b-f8435a8272c2",15,"Morgan St."
2008,"5873529e-e5e3-4a06-8a03-fa4cbe509880",16,"Mississippi Val."
2012,"5873529e-e5e3-4a06-8a03-fa4cbe509880",16,"Mississippi Val."
2012,"5c7bf63f-bc39-43c5-9907-73b50b7a6b34",12,"Harvard"
2013,"5c7bf63f-bc39-43c5-9907-73b50b7a6b34",14,"Harvard"
2014,"5c7bf63f-bc39-43c5-9907-73b50b7a6b34",12,"Harvard"
2015,"5c7bf63f-bc39-43c5-9907-73b50b7a6b34",13,"Harvard"
2003,"5d77800f-1ae6-4b66-8e97-b0dbb8bbc717",12,"Milwaukee"
2005,"5d77800f-1ae6-4b66-8e97-b0dbb8bbc717",12,"Milwaukee"
2006,"5d77800f-1ae6-4b66-8e97-b0dbb8bbc717",11,"Milwaukee"
2014,"5d77800f-1ae6-4b66-8e97-b0dbb8bbc717",15,"Milwaukee"
2009,"5ef64f01-86ae-4553-9834-c79cc0859eaf",14,"SFA"
2014,"5ef64f01-86ae-4553-9834-c79cc0859eaf",12,"SFA"
2015,"5ef64f01-86ae-4553-9834-c79cc0859eaf",12,"SFA"
2016,"5ef64f01-86ae-4553-9834-c79cc0859eaf",14,"SFA"
2008,"5f9a90a2-3926-404e-8c8a-d9f22ad6907d",16,"Coppin St."
2008,"5fe4a398-1699-4442-a364-305b2f0ac01e",16,"Mt. St. Mary's"
2014,"5fe4a398-1699-4442-a364-305b2f0ac01e",16,"Mt. St. Mary's"
2012,"6120ac5d-e0f2-4b28-9e6f-ee71596a7e88",9,"Southern Miss."
2001,"612f7f66-1de1-4d42-b842-9a508daab911",16,"UNCG"
2016,"61a3e5ab-1be3-4694-b83f-edae0953f409",14,"Green Bay"
2003,"620d5944-7156-47d3-aad5-5b3824557d03",13,"San Diego"
2008,"620d5944-7156-47d3-aad5-5b3824557d03",13,"San Diego"
2004,"62a73b4a-e281-4483-a1f8-f1160a18e456",10,"Nevada"
2005,"62a73b4a-e281-4483-a1f8-f1160a18e456",9,"Nevada"
2006,"62a73b4a-e281-4483-a1f8-f1160a18e456",5,"Nevada"
2007,"62a73b4a-e281-4483-a1f8-f1160a18e456",7,"Nevada"
2000,"632616c5-2dbb-4017-a449-c9dfc303f026",11,"Dayton"
2003,"632616c5-2dbb-4017-a449-c9dfc303f026",4,"Dayton"
2004,"632616c5-2dbb-4017-a449-c9dfc303f026",10,"Dayton"
2009,"632616c5-2dbb-4017-a449-c9dfc303f026",11,"Dayton"
2014,"632616c5-2dbb-4017-a449-c9dfc303f026",11,"Dayton"
2015,"632616c5-2dbb-4017-a449-c9dfc303f026",11,"Dayton"
2016,"632616c5-2dbb-4017-a449-c9dfc303f026",7,"Dayton"
2003,"6373b18c-62f6-49bc-bd4c-8959a2466516",14,"Troy"
2004,"63a8fdcf-b51b-4de3-8a57-2a6e41d362ce",9,"UAB"
2005,"63a8fdcf-b51b-4de3-8a57-2a6e41d362ce",11,"UAB"
2006,"63a8fdcf-b51b-4de3-8a57-2a6e41d362ce",9,"UAB"
2011,"63a8fdcf-b51b-4de3-8a57-2a6e41d362ce",12,"UAB"
2015,"63a8fdcf-b51b-4de3-8a57-2a6e41d362ce",14,"UAB"
2000,"63cad858-8654-4956-8438-8fe79cd1208a",13,"Louisiana"
2004,"63cad858-8654-4956-8438-8fe79cd1208a",14,"Louisiana"
2005,"63cad858-8654-4956-8438-8fe79cd1208a",13,"Louisiana"
2014,"63cad858-8654-4956-8438-8fe79cd1208a",14,"Louisiana"
2003,"67322042-9c40-4dc2-b33a-4754c02ec82a",15,"Sam Houston St."
2010,"67322042-9c40-4dc2-b33a-4754c02ec82a",14,"Sam Houston St."
2000,"683ab61f-546f-44da-b085-c3a5740554aa",1,"Stanford"
2001,"683ab61f-546f-44da-b085-c3a5740554aa",1,"Stanford"
2002,"683ab61f-546f-44da-b085-c3a5740554aa",8,"Stanford"
2003,"683ab61f-546f-44da-b085-c3a5740554aa",4,"Stanford"
2004,"683ab61f-546f-44da-b085-c3a5740554aa",1,"Stanford"
2005,"683ab61f-546f-44da-b085-c3a5740554aa",8,"Stanford"
2007,"683ab61f-546f-44da-b085-c3a5740554aa",11,"Stanford"
2008,"683ab61f-546f-44da-b085-c3a5740554aa",3,"Stanford"
2014,"683ab61f-546f-44da-b085-c3a5740554aa",10,"Stanford"
2000,"68a3227f-677f-43b0-9a3a-cad79d0df9e2",10,"UNLV"
2007,"68a3227f-677f-43b0-9a3a-cad79d0df9e2",7,"UNLV"
2008,"68a3227f-677f-43b0-9a3a-cad79d0df9e2",8,"UNLV"
2010,"68a3227f-677f-43b0-9a3a-cad79d0df9e2",8,"UNLV"
2011,"68a3227f-677f-43b0-9a3a-cad79d0df9e2",8,"UNLV"
2012,"68a3227f-677f-43b0-9a3a-cad79d0df9e2",6,"UNLV"
2013,"68a3227f-677f-43b0-9a3a-cad79d0df9e2",5,"UNLV"
2009,"6906e22d-92fa-40cb-8c05-ec8391ac1979",15,"Robert Morris"
2010,"6906e22d-92fa-40cb-8c05-ec8391ac1979",15,"Robert Morris"
2015,"6906e22d-92fa-40cb-8c05-ec8391ac1979",16,"Robert Morris"
2000,"6a7083ab-1832-48c0-9168-427b35adbcde",13,"Southeast Mo. St."
2000,"6af02334-9ac3-452f-bcf4-20abdb72bd07",15,"Lafayette"
2015,"6af02334-9ac3-452f-bcf4-20abdb72bd07",16,"Lafayette"
2000,"6ed15092-2670-450a-99c2-61d861e87644",5,"Texas"
2001,"6ed15092-2670-450a-99c2-61d861e87644",6,"Texas"
2002,"6ed15092-2670-450a-99c2-61d861e87644",6,"Texas"
2003,"6ed15092-2670-450a-99c2-61d861e87644",1,"Texas"
2004,"6ed15092-2670-450a-99c2-61d861e87644",3,"Texas"
2005,"6ed15092-2670-450a-99c2-61d861e87644",8,"Texas"
2006,"6ed15092-2670-450a-99c2-61d861e87644",2,"Texas"
2007,"6ed15092-2670-450a-99c2-61d861e87644",4,"Texas"
2008,"6ed15092-2670-450a-99c2-61d861e87644",2,"Texas"
2009,"6ed15092-2670-450a-99c2-61d861e87644",7,"Texas"
2010,"6ed15092-2670-450a-99c2-61d861e87644",8,"Texas"
2011,"6ed15092-2670-450a-99c2-61d861e87644",4,"Texas"
2012,"6ed15092-2670-450a-99c2-61d861e87644",11,"Texas"
2014,"6ed15092-2670-450a-99c2-61d861e87644",7,"Texas"
2015,"6ed15092-2670-450a-99c2-61d861e87644",11,"Texas"
2016,"6ed15092-2670-450a-99c2-61d861e87644",6,"Texas"
2012,"6ef40534-5fad-4755-84de-7dcbd645d1f0",14,"South Dakota St."
2013,"6ef40534-5fad-4755-84de-7dcbd645d1f0",13,"South Dakota St."
2016,"6ef40534-5fad-4755-84de-7dcbd645d1f0",12,"South Dakota St."
2000,"70e2bedd-3a0a-479c-ac99-e3f58aa6824b",4,"LSU"
2003,"70e2bedd-3a0a-479c-ac99-e3f58aa6824b",8,"LSU"
2005,"70e2bedd-3a0a-479c-ac99-e3f58aa6824b",6,"LSU"
2006,"70e2bedd-3a0a-479c-ac99-e3f58aa6824b",4,"LSU"
2009,"70e2bedd-3a0a-479c-ac99-e3f58aa6824b",8,"LSU"
2015,"70e2bedd-3a0a-479c-ac99-e3f58aa6824b",9,"LSU"
2001,"71874e7e-8260-43f9-bb7c-65f267dbe8ce",16,"Northwestern St."
2006,"71874e7e-8260-43f9-bb7c-65f267dbe8ce",14,"Northwestern St."
2013,"71874e7e-8260-43f9-bb7c-65f267dbe8ce",14,"Northwestern St."
2004,"72971b77-1d35-40b3-bb63-4c5b29f3d22b",6,"Vanderbilt"
2007,"72971b77-1d35-40b3-bb63-4c5b29f3d22b",6,"Vanderbilt"
2008,"72971b77-1d35-40b3-bb63-4c5b29f3d22b",4,"Vanderbilt"
2010,"72971b77-1d35-40b3-bb63-4c5b29f3d22b",4,"Vanderbilt"
2011,"72971b77-1d35-40b3-bb63-4c5b29f3d22b",5,"Vanderbilt"
2012,"72971b77-1d35-40b3-bb63-4c5b29f3d22b",5,"Vanderbilt"
2016,"72971b77-1d35-40b3-bb63-4c5b29f3d22b",11,"Vanderbilt"
2000,"7672ff16-8436-47e6-8546-0fb5494ec7ee",12,"Utah St."
2001,"7672ff16-8436-47e6-8546-0fb5494ec7ee",12,"Utah St."
2003,"7672ff16-8436-47e6-8546-0fb5494ec7ee",15,"Utah St."
2005,"7672ff16-8436-47e6-8546-0fb5494ec7ee",14,"Utah St."
2006,"7672ff16-8436-47e6-8546-0fb5494ec7ee",12,"Utah St."
2009,"7672ff16-8436-47e6-8546-0fb5494ec7ee",11,"Utah St."
2010,"7672ff16-8436-47e6-8546-0fb5494ec7ee",12,"Utah St."
2011,"7672ff16-8436-47e6-8546-0fb5494ec7ee",12,"Utah St."
2002,"77a69fb0-1355-4342-ac09-b4cc7949d95e",14,"Murray St."
2004,"77a69fb0-1355-4342-ac09-b4cc7949d95e",12,"Murray St."
2006,"77a69fb0-1355-4342-ac09-b4cc7949d95e",14,"Murray St."
2010,"77a69fb0-1355-4342-ac09-b4cc7949d95e",13,"Murray St."
2012,"77a69fb0-1355-4342-ac09-b4cc7949d95e",6,"Murray St."
2000,"77ca152a-cb2f-48a5-97b2-492351250d94",9,"Missouri"
2001,"77ca152a-cb2f-48a5-97b2-492351250d94",9,"Missouri"
2002,"77ca152a-cb2f-48a5-97b2-492351250d94",12,"Missouri"
2003,"77ca152a-cb2f-48a5-97b2-492351250d94",6,"Missouri"
2009,"77ca152a-cb2f-48a5-97b2-492351250d94",3,"Missouri"
2010,"77ca152a-cb2f-48a5-97b2-492351250d94",10,"Missouri"
2011,"77ca152a-cb2f-48a5-97b2-492351250d94",11,"Missouri"
2012,"77ca152a-cb2f-48a5-97b2-492351250d94",2,"Missouri"
2013,"77ca152a-cb2f-48a5-97b2-492351250d94",9,"Missouri"
2008,"79965018-7f6f-4273-9eef-65c99b592b01",16,"Portland St."
2009,"79965018-7f6f-4273-9eef-65c99b592b01",13,"Portland St."
2003,"7a270923-01d6-4a6f-a93e-e8786266d502",14,"Manhattan"
2004,"7a270923-01d6-4a6f-a93e-e8786266d502",12,"Manhattan"
2014,"7a270923-01d6-4a6f-a93e-e8786266d502",13,"Manhattan"
2015,"7a270923-01d6-4a6f-a93e-e8786266d502",16,"Manhattan"
2000,"7aec5187-cb1b-45e5-8f7d-406d766cdc73",6,"Miami (FL)"
2002,"7aec5187-cb1b-45e5-8f7d-406d766cdc73",5,"Miami (FL)"
2008,"7aec5187-cb1b-45e5-8f7d-406d766cdc73",7,"Miami (FL)"
2013,"7aec5187-cb1b-45e5-8f7d-406d766cdc73",2,"Miami (FL)"
2016,"7aec5187-cb1b-45e5-8f7d-406d766cdc73",3,"Miami (FL)"
2008,"7c2b372b-b5f0-466e-90cf-880beec57584",16,"UT Arlington"
2002,"7cdfcf92-7fe7-46f1-9b66-6912114182e6",11,"Southern Ill."
2003,"7cdfcf92-7fe7-46f1-9b66-6912114182e6",11,"Southern Ill."
2004,"7cdfcf92-7fe7-46f1-9b66-6912114182e6",9,"Southern Ill."
2005,"7cdfcf92-7fe7-46f1-9b66-6912114182e6",7,"Southern Ill."
2006,"7cdfcf92-7fe7-46f1-9b66-6912114182e6",11,"Southern Ill."
2007,"7cdfcf92-7fe7-46f1-9b66-6912114182e6",4,"Southern Ill."
2001,"7d3b9c72-cbdd-4b64-9aa3-a5bde9b75fdc",10,"Providence"
2004,"7d3b9c72-cbdd-4b64-9aa3-a5bde9b75fdc",5,"Providence"
2014,"7d3b9c72-cbdd-4b64-9aa3-a5bde9b75fdc",11,"Providence"
2015,"7d3b9c72-cbdd-4b64-9aa3-a5bde9b75fdc",6,"Providence"
2016,"7d3b9c72-cbdd-4b64-9aa3-a5bde9b75fdc",9,"Providence"
2000,"7d797407-623e-476d-b299-46de4275414d",10,"Creighton"
2001,"7d797407-623e-476d-b299-46de4275414d",10,"Creighton"
2002,"7d797407-623e-476d-b299-46de4275414d",12,"Creighton"
2003,"7d797407-623e-476d-b299-46de4275414d",6,"Creighton"
2005,"7d797407-623e-476d-b299-46de4275414d",10,"Creighton"
2007,"7d797407-623e-476d-b299-46de4275414d",10,"Creighton"
2012,"7d797407-623e-476d-b299-46de4275414d",8,"Creighton"
2013,"7d797407-623e-476d-b299-46de4275414d",7,"Creighton"
2014,"7d797407-623e-476d-b299-46de4275414d",3,"Creighton"
2011,"7e42fa84-68cd-47a6-b49a-18b5414d8084",15,"Northern Colo."
2001,"80962f09-8821-48b6-8cf0-0cf0eea56aa8",6,"Notre Dame"
2002,"80962f09-8821-48b6-8cf0-0cf0eea56aa8",8,"Notre Dame"
2003,"80962f09-8821-48b6-8cf0-0cf0eea56aa8",5,"Notre Dame"
2007,"80962f09-8821-48b6-8cf0-0cf0eea56aa8",6,"Notre Dame"
2008,"80962f09-8821-48b6-8cf0-0cf0eea56aa8",5,"Notre Dame"
2010,"80962f09-8821-48b6-8cf0-0cf0eea56aa8",6,"Notre Dame"
2011,"80962f09-8821-48b6-8cf0-0cf0eea56aa8",2,"Notre Dame"
2012,"80962f09-8821-48b6-8cf0-0cf0eea56aa8",7,"Notre Dame"
2013,"80962f09-8821-48b6-8cf0-0cf0eea56aa8",7,"Notre Dame"
2015,"80962f09-8821-48b6-8cf0-0cf0eea56aa8",3,"Notre Dame"
2016,"80962f09-8821-48b6-8cf0-0cf0eea56aa8",6,"Notre Dame"
2011,"82c12e8d-7c6c-47d8-b100-3cbc190d268e",15,"LIU Brooklyn"
2012,"82c12e8d-7c6c-47d8-b100-3cbc190d268e",16,"LIU Brooklyn"
2013,"82c12e8d-7c6c-47d8-b100-3cbc190d268e",16,"LIU Brooklyn"
2000,"857462b3-0ab6-4d26-9669-10ca354e382b",3,"Ohio St."
2001,"857462b3-0ab6-4d26-9669-10ca354e382b",5,"Ohio St."
2002,"857462b3-0ab6-4d26-9669-10ca354e382b",4,"Ohio St."
2006,"857462b3-0ab6-4d26-9669-10ca354e382b",2,"Ohio St."
2007,"857462b3-0ab6-4d26-9669-10ca354e382b",1,"Ohio St."
2009,"857462b3-0ab6-4d26-9669-10ca354e382b",8,"Ohio St."
2010,"857462b3-0ab6-4d26-9669-10ca354e382b",2,"Ohio St."
2011,"857462b3-0ab6-4d26-9669-10ca354e382b",1,"Ohio St."
2012,"857462b3-0ab6-4d26-9669-10ca354e382b",2,"Ohio St."
2013,"857462b3-0ab6-4d26-9669-10ca354e382b",2,"Ohio St."
2014,"857462b3-0ab6-4d26-9669-10ca354e382b",6,"Ohio St."
2015,"857462b3-0ab6-4d26-9669-10ca354e382b",10,"Ohio St."
2000,"8598d1b6-106b-4083-a512-2e495729525a",2,"Temple"
2001,"8598d1b6-106b-4083-a512-2e495729525a",11,"Temple"
2008,"8598d1b6-106b-4083-a512-2e495729525a",12,"Temple"
2009,"8598d1b6-106b-4083-a512-2e495729525a",11,"Temple"
2010,"8598d1b6-106b-4083-a512-2e495729525a",5,"Temple"
2011,"8598d1b6-106b-4083-a512-2e495729525a",7,"Temple"
2012,"8598d1b6-106b-4083-a512-2e495729525a",5,"Temple"
2013,"8598d1b6-106b-4083-a512-2e495729525a",9,"Temple"
2016,"8598d1b6-106b-4083-a512-2e495729525a",10,"Temple"
2001,"8736b67f-5924-400b-bf94-3bd804c36600",10,"Georgetown"
2006,"8736b67f-5924-400b-bf94-3bd804c36600",7,"Georgetown"
2007,"8736b67f-5924-400b-bf94-3bd804c36600",2,"Georgetown"
2008,"8736b67f-5924-400b-bf94-3bd804c36600",2,"Georgetown"
2010,"8736b67f-5924-400b-bf94-3bd804c36600",3,"Georgetown"
2011,"8736b67f-5924-400b-bf94-3bd804c36600",6,"Georgetown"
2012,"8736b67f-5924-400b-bf94-3bd804c36600",3,"Georgetown"
2013,"8736b67f-5924-400b-bf94-3bd804c36600",2,"Georgetown"
2015,"8736b67f-5924-400b-bf94-3bd804c36600",4,"Georgetown"
2000,"87d88c93-29bc-4306-b0a6-87c6f6e80da1",14,"Appalachian St."
2014,"88104678-e53b-43b3-82f7-efb3a11cedb9",6,"Massachusetts"
2001,"881380da-861c-4ab6-a7d2-20699d8ea883",14,"Western Ky."
2002,"881380da-861c-4ab6-a7d2-20699d8ea883",9,"Western Ky."
2003,"881380da-861c-4ab6-a7d2-20699d8ea883",13,"Western Ky."
2008,"881380da-861c-4ab6-a7d2-20699d8ea883",12,"Western Ky."
2009,"881380da-861c-4ab6-a7d2-20699d8ea883",12,"Western Ky."
2012,"881380da-861c-4ab6-a7d2-20699d8ea883",16,"Western Ky."
2013,"881380da-861c-4ab6-a7d2-20699d8ea883",16,"Western Ky."
2008,"88ff8c00-958e-4ccf-a21d-77fab9e93692",14,"Cornell"
2009,"88ff8c00-958e-4ccf-a21d-77fab9e93692",14,"Cornell"
2010,"88ff8c00-958e-4ccf-a21d-77fab9e93692",12,"Cornell"
2000,"8ab00d43-840a-4c96-bdee-bf88fa6e3f11",3,"Oklahoma St."
2001,"8ab00d43-840a-4c96-bdee-bf88fa6e3f11",11,"Oklahoma St."
2002,"8ab00d43-840a-4c96-bdee-bf88fa6e3f11",7,"Oklahoma St."
2003,"8ab00d43-840a-4c96-bdee-bf88fa6e3f11",6,"Oklahoma St."
2004,"8ab00d43-840a-4c96-bdee-bf88fa6e3f11",2,"Oklahoma St."
2005,"8ab00d43-840a-4c96-bdee-bf88fa6e3f11",2,"Oklahoma St."
2009,"8ab00d43-840a-4c96-bdee-bf88fa6e3f11",8,"Oklahoma St."
2010,"8ab00d43-840a-4c96-bdee-bf88fa6e3f11",7,"Oklahoma St."
2013,"8ab00d43-840a-4c96-bdee-bf88fa6e3f11",5,"Oklahoma St."
2014,"8ab00d43-840a-4c96-bdee-bf88fa6e3f11",9,"Oklahoma St."
2015,"8ab00d43-840a-4c96-bdee-bf88fa6e3f11",9,"Oklahoma St."
2000,"8cd24de1-2be8-4b77-bcfa-47be0495a5f4",4,"Syracuse"
2001,"8cd24de1-2be8-4b77-bcfa-47be0495a5f4",5,"Syracuse"
2003,"8cd24de1-2be8-4b77-bcfa-47be0495a5f4",3,"Syracuse"
2004,"8cd24de1-2be8-4b77-bcfa-47be0495a5f4",5,"Syracuse"
2005,"8cd24de1-2be8-4b77-bcfa-47be0495a5f4",4,"Syracuse"
2006,"8cd24de1-2be8-4b77-bcfa-47be0495a5f4",5,"Syracuse"
2009,"8cd24de1-2be8-4b77-bcfa-47be0495a5f4",3,"Syracuse"
2010,"8cd24de1-2be8-4b77-bcfa-47be0495a5f4",1,"Syracuse"
2011,"8cd24de1-2be8-4b77-bcfa-47be0495a5f4",3,"Syracuse"
2012,"8cd24de1-2be8-4b77-bcfa-47be0495a5f4",1,"Syracuse"
2013,"8cd24de1-2be8-4b77-bcfa-47be0495a5f4",4,"Syracuse"
2014,"8cd24de1-2be8-4b77-bcfa-47be0495a5f4",3,"Syracuse"
2016,"8cd24de1-2be8-4b77-bcfa-47be0495a5f4",10,"Syracuse"
2001,"8ddbfca9-a931-4908-aa31-9fcd17624b5f",9,"Charlotte"
2002,"8ddbfca9-a931-4908-aa31-9fcd17624b5f",9,"Charlotte"
2004,"8ddbfca9-a931-4908-aa31-9fcd17624b5f",9,"Charlotte"
2005,"8ddbfca9-a931-4908-aa31-9fcd17624b5f",7,"Charlotte"
2003,"90ec10eb-38a4-4a69-b072-ef71d294933b",16,"IUPUI"
2000,"912f8837-1d81-4ef9-a576-a21f271d4c64",5,"Florida"
2001,"912f8837-1d81-4ef9-a576-a21f271d4c64",3,"Florida"
2002,"912f8837-1d81-4ef9-a576-a21f271d4c64",5,"Florida"
2003,"912f8837-1d81-4ef9-a576-a21f271d4c64",2,"Florida"
2004,"912f8837-1d81-4ef9-a576-a21f271d4c64",5,"Florida"
2005,"912f8837-1d81-4ef9-a576-a21f271d4c64",4,"Florida"
2006,"912f8837-1d81-4ef9-a576-a21f271d4c64",3,"Florida"
2007,"912f8837-1d81-4ef9-a576-a21f271d4c64",1,"Florida"
2010,"912f8837-1d81-4ef9-a576-a21f271d4c64",10,"Florida"
2011,"912f8837-1d81-4ef9-a576-a21f271d4c64",2,"Florida"
2012,"912f8837-1d81-4ef9-a576-a21f271d4c64",7,"Florida"
2013,"912f8837-1d81-4ef9-a576-a21f271d4c64",3,"Florida"
2014,"912f8837-1d81-4ef9-a576-a21f271d4c64",1,"Florida"
2015,"93df9b18-e9fc-42a7-bb45-a736c203b4dc",14,"Northeastern"
2005,"949c3398-85e4-4c63-ba71-9a82e06ddea4",16,"Alabama A&M"
2001,"94ea835b-8ce9-4de2-a5b1-971548fea974",11,"Georgia St."
2015,"94ea835b-8ce9-4de2-a5b1-971548fea974",14,"Georgia St."
2004,"953151f2-1e42-4cb0-a99e-202493a64dcf",16,"UTSA"
2011,"953151f2-1e42-4cb0-a99e-202493a64dcf",16,"UTSA"
2009,"984e7518-e418-45d5-9797-979b8c2085c1",14,"North Dakota St."
2014,"984e7518-e418-45d5-9797-979b8c2085c1",12,"North Dakota St."
2015,"984e7518-e418-45d5-9797-979b8c2085c1",15,"North Dakota St."
2005,"98d2123a-c7b9-4b5f-8a81-43f76d8537dc",14,"Bucknell"
2006,"98d2123a-c7b9-4b5f-8a81-43f76d8537dc",9,"Bucknell"
2011,"98d2123a-c7b9-4b5f-8a81-43f76d8537dc",14,"Bucknell"
2013,"98d2123a-c7b9-4b5f-8a81-43f76d8537dc",11,"Bucknell"
2010,"9916713f-b243-452b-93ae-a2c3ccabf68b",13,"Wofford"
2011,"9916713f-b243-452b-93ae-a2c3ccabf68b",14,"Wofford"
2014,"9916713f-b243-452b-93ae-a2c3ccabf68b",15,"Wofford"
2015,"9916713f-b243-452b-93ae-a2c3ccabf68b",12,"Wofford"
2000,"9b166a3f-e64b-4825-bb6b-92c6f0418263",1,"Arizona"
2001,"9b166a3f-e64b-4825-bb6b-92c6f0418263",2,"Arizona"
2002,"9b166a3f-e64b-4825-bb6b-92c6f0418263",3,"Arizona"
2003,"9b166a3f-e64b-4825-bb6b-92c6f0418263",1,"Arizona"
2004,"9b166a3f-e64b-4825-bb6b-92c6f0418263",9,"Arizona"
2005,"9b166a3f-e64b-4825-bb6b-92c6f0418263",3,"Arizona"
2006,"9b166a3f-e64b-4825-bb6b-92c6f0418263",8,"Arizona"
2007,"9b166a3f-e64b-4825-bb6b-92c6f0418263",8,"Arizona"
2008,"9b166a3f-e64b-4825-bb6b-92c6f0418263",10,"Arizona"
2009,"9b166a3f-e64b-4825-bb6b-92c6f0418263",12,"Arizona"
2011,"9b166a3f-e64b-4825-bb6b-92c6f0418263",5,"Arizona"
2013,"9b166a3f-e64b-4825-bb6b-92c6f0418263",6,"Arizona"
2014,"9b166a3f-e64b-4825-bb6b-92c6f0418263",1,"Arizona"
2015,"9b166a3f-e64b-4825-bb6b-92c6f0418263",2,"Arizona"
2016,"9b166a3f-e64b-4825-bb6b-92c6f0418263",6,"Arizona"
2004,"9b66e1e0-aace-4671-9be2-54c8acf5ecfc",11,"Richmond"
2010,"9b66e1e0-aace-4671-9be2-54c8acf5ecfc",7,"Richmond"
2011,"9b66e1e0-aace-4671-9be2-54c8acf5ecfc",12,"Richmond"
2007,"9c396fa7-c165-4599-8542-158bd0d9a199",14,"Wright St."
2003,"9fccbf28-2858-4263-821c-fdefb3c7efa3",10,"Colorado"
2012,"9fccbf28-2858-4263-821c-fdefb3c7efa3",11,"Colorado"
2013,"9fccbf28-2858-4263-821c-fdefb3c7efa3",10,"Colorado"
2014,"9fccbf28-2858-4263-821c-fdefb3c7efa3",8,"Colorado"
2016,"9fccbf28-2858-4263-821c-fdefb3c7efa3",8,"Colorado"
2006,"a0a22502-0d84-440c-84af-1fbb070ad54c",15,"Belmont"
2007,"a0a22502-0d84-440c-84af-1fbb070ad54c",15,"Belmont"
2008,"a0a22502-0d84-440c-84af-1fbb070ad54c",15,"Belmont"
2011,"a0a22502-0d84-440c-84af-1fbb070ad54c",13,"Belmont"
2012,"a0a22502-0d84-440c-84af-1fbb070ad54c",14,"Belmont"
2013,"a0a22502-0d84-440c-84af-1fbb070ad54c",11,"Belmont"
2015,"a0a22502-0d84-440c-84af-1fbb070ad54c",15,"Belmont"
2003,"a0fdb660-a822-4337-b01d-31c4d2c99c8a",13,"Austin Peay"
2008,"a0fdb660-a822-4337-b01d-31c4d2c99c8a",15,"Austin Peay"
2016,"a0fdb660-a822-4337-b01d-31c4d2c99c8a",16,"Austin Peay"
2014,"a14b0057-8eb5-43d2-a33b-666196da933e",14,"Mercer"
2000,"a17dfc54-415f-49c3-a2e6-d6fa9db18b0a",2,"Cincinnati"
2001,"a17dfc54-415f-49c3-a2e6-d6fa9db18b0a",5,"Cincinnati"
2002,"a17dfc54-415f-49c3-a2e6-d6fa9db18b0a",1,"Cincinnati"
2003,"a17dfc54-415f-49c3-a2e6-d6fa9db18b0a",8,"Cincinnati"
2004,"a17dfc54-415f-49c3-a2e6-d6fa9db18b0a",4,"Cincinnati"
2005,"a17dfc54-415f-49c3-a2e6-d6fa9db18b0a",7,"Cincinnati"
2011,"a17dfc54-415f-49c3-a2e6-d6fa9db18b0a",6,"Cincinnati"
2012,"a17dfc54-415f-49c3-a2e6-d6fa9db18b0a",6,"Cincinnati"
2013,"a17dfc54-415f-49c3-a2e6-d6fa9db18b0a",10,"Cincinnati"
2014,"a17dfc54-415f-49c3-a2e6-d6fa9db18b0a",5,"Cincinnati"
2015,"a17dfc54-415f-49c3-a2e6-d6fa9db18b0a",8,"Cincinnati"
2016,"a17dfc54-415f-49c3-a2e6-d6fa9db18b0a",9,"Cincinnati"
2002,"a1ba4b89-d97c-44e2-835f-79ad3ccaa5ae",3,"Mississippi St."
2003,"a1ba4b89-d97c-44e2-835f-79ad3ccaa5ae",5,"Mississippi St."
2004,"a1ba4b89-d97c-44e2-835f-79ad3ccaa5ae",2,"Mississippi St."
2005,"a1ba4b89-d97c-44e2-835f-79ad3ccaa5ae",9,"Mississippi St."
2008,"a1ba4b89-d97c-44e2-835f-79ad3ccaa5ae",8,"Mississippi St."
2009,"a1ba4b89-d97c-44e2-835f-79ad3ccaa5ae",13,"Mississippi St."
2006,"a3b13d27-ec14-4a7d-88a2-0bc9f7b58984",16,"Southern U."
2013,"a3b13d27-ec14-4a7d-88a2-0bc9f7b58984",16,"Southern U."
2016,"a3b13d27-ec14-4a7d-88a2-0bc9f7b58984",16,"Southern U."
2000,"a41d5a05-4c11-4171-a57e-e7a1ea325a6d",1,"Michigan St."
2001,"a41d5a05-4c11-4171-a57e-e7a1ea325a6d",1,"Michigan St."
2002,"a41d5a05-4c11-4171-a57e-e7a1ea325a6d",10,"Michigan St."
2003,"a41d5a05-4c11-4171-a57e-e7a1ea325a6d",7,"Michigan St."
2004,"a41d5a05-4c11-4171-a57e-e7a1ea325a6d",7,"Michigan St."
2005,"a41d5a05-4c11-4171-a57e-e7a1ea325a6d",5,"Michigan St."
2006,"a41d5a05-4c11-4171-a57e-e7a1ea325a6d",6,"Michigan St."
2007,"a41d5a05-4c11-4171-a57e-e7a1ea325a6d",9,"Michigan St."
2008,"a41d5a05-4c11-4171-a57e-e7a1ea325a6d",5,"Michigan St."
2009,"a41d5a05-4c11-4171-a57e-e7a1ea325a6d",2,"Michigan St."
2010,"a41d5a05-4c11-4171-a57e-e7a1ea325a6d",5,"Michigan St."
2011,"a41d5a05-4c11-4171-a57e-e7a1ea325a6d",10,"Michigan St."
2012,"a41d5a05-4c11-4171-a57e-e7a1ea325a6d",1,"Michigan St."
2013,"a41d5a05-4c11-4171-a57e-e7a1ea325a6d",3,"Michigan St."
2014,"a41d5a05-4c11-4171-a57e-e7a1ea325a6d",4,"Michigan St."
2015,"a41d5a05-4c11-4171-a57e-e7a1ea325a6d",7,"Michigan St."
2016,"a41d5a05-4c11-4171-a57e-e7a1ea325a6d",2,"Michigan St."
2000,"a44f8c85-7ab6-4a4e-b6f1-c69a4cabe1ed",16,"South Carolina St."
2003,"a44f8c85-7ab6-4a4e-b6f1-c69a4cabe1ed",16,"South Carolina St."
2002,"a7127c0a-a466-47ae-91ad-9a71ee2c9427",11,"Wyoming"
2015,"a7127c0a-a466-47ae-91ad-9a71ee2c9427",12,"Wyoming"
2012,"a8f75c12-c4db-401f-99e3-b48209d85274",15,"Norfolk St."
2000,"a93bf4f2-3724-4539-8c8a-9ac8ee3741a6",15,"Central Conn. St."
2002,"a93bf4f2-3724-4539-8c8a-9ac8ee3741a6",14,"Central Conn. St."
2007,"a93bf4f2-3724-4539-8c8a-9ac8ee3741a6",16,"Central Conn. St."
2015,"a9f5c9a2-342c-4881-9996-5d5c05ec9bd9",12,"Buffalo"
2016,"a9f5c9a2-342c-4881-9996-5d5c05ec9bd9",14,"Buffalo"
2004,"aa7af640-5762-4686-9181-39f7b8a8186e",11,"Air Force"
2006,"aa7af640-5762-4686-9181-39f7b8a8186e",13,"Air Force"
2001,"aacdc78d-b7fa-48f6-9686-2fdb8a95030e",8,"California"
2002,"aacdc78d-b7fa-48f6-9686-2fdb8a95030e",6,"California"
2003,"aacdc78d-b7fa-48f6-9686-2fdb8a95030e",8,"California"
2006,"aacdc78d-b7fa-48f6-9686-2fdb8a95030e",7,"California"
2009,"aacdc78d-b7fa-48f6-9686-2fdb8a95030e",7,"California"
2010,"aacdc78d-b7fa-48f6-9686-2fdb8a95030e",8,"California"
2012,"aacdc78d-b7fa-48f6-9686-2fdb8a95030e",12,"California"
2013,"aacdc78d-b7fa-48f6-9686-2fdb8a95030e",12,"California"
2016,"aacdc78d-b7fa-48f6-9686-2fdb8a95030e",4,"California"
2002,"aba39ad0-6d9f-4946-bf7e-5c63bf966ce6",16,"Siena"
2008,"aba39ad0-6d9f-4946-bf7e-5c63bf966ce6",13,"Siena"
2009,"aba39ad0-6d9f-4946-bf7e-5c63bf966ce6",9,"Siena"
2010,"aba39ad0-6d9f-4946-bf7e-5c63bf966ce6",13,"Siena"
2003,"ad4bc983-8d2e-4e6f-a8f9-80840a786c64",10,"Arizona St."
2009,"ad4bc983-8d2e-4e6f-a8f9-80840a786c64",6,"Arizona St."
2014,"ad4bc983-8d2e-4e6f-a8f9-80840a786c64",10,"Arizona St."
2013,"ad9a3e21-4585-4e35-8946-290fe4a16f18",13,"La Salle"
2003,"ad9fce12-6b1a-400c-bcbe-29d84d065fc0",16,"UNC Asheville"
2011,"ad9fce12-6b1a-400c-bcbe-29d84d065fc0",16,"UNC Asheville"
2012,"ad9fce12-6b1a-400c-bcbe-29d84d065fc0",16,"UNC Asheville"
2016,"ad9fce12-6b1a-400c-bcbe-29d84d065fc0",15,"UNC Asheville"
2005,"aeaaef0d-5238-414e-ac04-c55a22cba208",16,"Oakland"
2010,"aeaaef0d-5238-414e-ac04-c55a22cba208",14,"Oakland"
2011,"aeaaef0d-5238-414e-ac04-c55a22cba208",13,"Oakland"
2008,"aed211c3-23a4-4188-ad70-22c6eba7d765",5,"Drake"
2000,"aef5e386-d8e8-460c-8014-3a2f090fd988",10,"Seton Hall"
2004,"aef5e386-d8e8-460c-8014-3a2f090fd988",8,"Seton Hall"
2006,"aef5e386-d8e8-460c-8014-3a2f090fd988",10,"Seton Hall"
2016,"aef5e386-d8e8-460c-8014-3a2f090fd988",6,"Seton Hall"
2005,"b18f34af-a7f1-4659-a2e5-fc11a31cd316",10,"Saint Mary's (CA)"
2008,"b18f34af-a7f1-4659-a2e5-fc11a31cd316",10,"Saint Mary's (CA)"
2010,"b18f34af-a7f1-4659-a2e5-fc11a31cd316",10,"Saint Mary's (CA)"
2012,"b18f34af-a7f1-4659-a2e5-fc11a31cd316",7,"Saint Mary's (CA)"
2013,"b18f34af-a7f1-4659-a2e5-fc11a31cd316",11,"Saint Mary's (CA)"
2000,"b2fda957-e15c-4fb2-8a13-6e58496f561e",3,"Oklahoma"
2001,"b2fda957-e15c-4fb2-8a13-6e58496f561e",4,"Oklahoma"
2002,"b2fda957-e15c-4fb2-8a13-6e58496f561e",2,"Oklahoma"
2003,"b2fda957-e15c-4fb2-8a13-6e58496f561e",1,"Oklahoma"
2005,"b2fda957-e15c-4fb2-8a13-6e58496f561e",3,"Oklahoma"
2006,"b2fda957-e15c-4fb2-8a13-6e58496f561e",6,"Oklahoma"
2008,"b2fda957-e15c-4fb2-8a13-6e58496f561e",6,"Oklahoma"
2009,"b2fda957-e15c-4fb2-8a13-6e58496f561e",2,"Oklahoma"
2013,"b2fda957-e15c-4fb2-8a13-6e58496f561e",10,"Oklahoma"
2014,"b2fda957-e15c-4fb2-8a13-6e58496f561e",5,"Oklahoma"
2015,"b2fda957-e15c-4fb2-8a13-6e58496f561e",3,"Oklahoma"
2016,"b2fda957-e15c-4fb2-8a13-6e58496f561e",2,"Oklahoma"
2006,"b47d10b8-a2a5-47df-a2f9-7bd0b9d51beb",13,"Bradley"
2005,"b71d5a1b-2671-4e5a-b94b-06bfb22a27dd",16,"Fairleigh Dickinson"
2016,"b71d5a1b-2671-4e5a-b94b-06bfb22a27dd",16,"Fairleigh Dickinson"
2009,"b7747a03-c85b-4de6-94bf-1b5b68553248",16,"Morehead St."
2011,"b7747a03-c85b-4de6-94bf-1b5b68553248",13,"Morehead St."
2000,"b795ddbc-baab-4499-8803-52e8608520ab",7,"Louisville"
2003,"b795ddbc-baab-4499-8803-52e8608520ab",4,"Louisville"
2004,"b795ddbc-baab-4499-8803-52e8608520ab",10,"Louisville"
2005,"b795ddbc-baab-4499-8803-52e8608520ab",4,"Louisville"
2007,"b795ddbc-baab-4499-8803-52e8608520ab",6,"Louisville"
2008,"b795ddbc-baab-4499-8803-52e8608520ab",3,"Louisville"
2009,"b795ddbc-baab-4499-8803-52e8608520ab",1,"Louisville"
2010,"b795ddbc-baab-4499-8803-52e8608520ab",9,"Louisville"
2011,"b795ddbc-baab-4499-8803-52e8608520ab",4,"Louisville"
2012,"b795ddbc-baab-4499-8803-52e8608520ab",4,"Louisville"
2013,"b795ddbc-baab-4499-8803-52e8608520ab",1,"Louisville"
2014,"b795ddbc-baab-4499-8803-52e8608520ab",4,"Louisville"
2015,"b795ddbc-baab-4499-8803-52e8608520ab",4,"Louisville"
2000,"b827dbdf-230f-4916-9703-3bb9004e26eb",4,"Tennessee"
2001,"b827dbdf-230f-4916-9703-3bb9004e26eb",8,"Tennessee"
2006,"b827dbdf-230f-4916-9703-3bb9004e26eb",2,"Tennessee"
2007,"b827dbdf-230f-4916-9703-3bb9004e26eb",5,"Tennessee"
2008,"b827dbdf-230f-4916-9703-3bb9004e26eb",2,"Tennessee"
2009,"b827dbdf-230f-4916-9703-3bb9004e26eb",9,"Tennessee"
2010,"b827dbdf-230f-4916-9703-3bb9004e26eb",6,"Tennessee"
2011,"b827dbdf-230f-4916-9703-3bb9004e26eb",9,"Tennessee"
2014,"b827dbdf-230f-4916-9703-3bb9004e26eb",11,"Tennessee"
2000,"bdb7d7a4-45f8-4bf3-ab85-15488c451494",12,"Butler"
2001,"bdb7d7a4-45f8-4bf3-ab85-15488c451494",10,"Butler"
2003,"bdb7d7a4-45f8-4bf3-ab85-15488c451494",12,"Butler"
2007,"bdb7d7a4-45f8-4bf3-ab85-15488c451494",5,"Butler"
2008,"bdb7d7a4-45f8-4bf3-ab85-15488c451494",7,"Butler"
2009,"bdb7d7a4-45f8-4bf3-ab85-15488c451494",9,"Butler"
2010,"bdb7d7a4-45f8-4bf3-ab85-15488c451494",5,"Butler"
2011,"bdb7d7a4-45f8-4bf3-ab85-15488c451494",8,"Butler"
2013,"bdb7d7a4-45f8-4bf3-ab85-15488c451494",6,"Butler"
2015,"bdb7d7a4-45f8-4bf3-ab85-15488c451494",6,"Butler"
2016,"bdb7d7a4-45f8-4bf3-ab85-15488c451494",9,"Butler"
2009,"bdc2561d-f603-4fab-a262-f1d2af462277",10,"Michigan"
2011,"bdc2561d-f603-4fab-a262-f1d2af462277",8,"Michigan"
2012,"bdc2561d-f603-4fab-a262-f1d2af462277",4,"Michigan"
2013,"bdc2561d-f603-4fab-a262-f1d2af462277",4,"Michigan"
2014,"bdc2561d-f603-4fab-a262-f1d2af462277",2,"Michigan"
2016,"bdc2561d-f603-4fab-a262-f1d2af462277",11,"Michigan"
2008,"c009914b-3303-4dee-b915-978aa48a31d0",14,"Cal St. Fullerton"
2001,"c10544de-e3bd-4776-ba2e-83df8c017fd1",7,"Iowa"
2005,"c10544de-e3bd-4776-ba2e-83df8c017fd1",10,"Iowa"
2006,"c10544de-e3bd-4776-ba2e-83df8c017fd1",3,"Iowa"
2014,"c10544de-e3bd-4776-ba2e-83df8c017fd1",11,"Iowa"
2015,"c10544de-e3bd-4776-ba2e-83df8c017fd1",7,"Iowa"
2016,"c10544de-e3bd-4776-ba2e-83df8c017fd1",7,"Iowa"
2000,"c13f96ba-c79c-452f-9f63-3b45fae4e543",13,"Samford"
2004,"c1c1e6df-a383-4fbd-ba7b-32d4f9ef9518",13,"VCU"
2007,"c1c1e6df-a383-4fbd-ba7b-32d4f9ef9518",11,"VCU"
2009,"c1c1e6df-a383-4fbd-ba7b-32d4f9ef9518",11,"VCU"
2011,"c1c1e6df-a383-4fbd-ba7b-32d4f9ef9518",11,"VCU"
2012,"c1c1e6df-a383-4fbd-ba7b-32d4f9ef9518",12,"VCU"
2013,"c1c1e6df-a383-4fbd-ba7b-32d4f9ef9518",5,"VCU"
2014,"c1c1e6df-a383-4fbd-ba7b-32d4f9ef9518",5,"VCU"
2015,"c1c1e6df-a383-4fbd-ba7b-32d4f9ef9518",7,"VCU"
2016,"c1c1e6df-a383-4fbd-ba7b-32d4f9ef9518",10,"VCU"
2008,"c1c54dbf-805c-47fc-a707-c803e94db2a4",14,"Boise St."
2013,"c1c54dbf-805c-47fc-a707-c803e94db2a4",13,"Boise St."
2015,"c1c54dbf-805c-47fc-a707-c803e94db2a4",11,"Boise St."
2000,"c1f4aae1-aa16-4095-aeab-10e5c2a1236a",2,"St. John's (NY)"
2002,"c1f4aae1-aa16-4095-aeab-10e5c2a1236a",9,"St. John's (NY)"
2011,"c1f4aae1-aa16-4095-aeab-10e5c2a1236a",6,"St. John's (NY)"
2015,"c1f4aae1-aa16-4095-aeab-10e5c2a1236a",9,"St. John's (NY)"
2002,"c2104cdc-c83d-40d2-a3cd-df986e29f5d3",2,"Alabama"
2003,"c2104cdc-c83d-40d2-a3cd-df986e29f5d3",10,"Alabama"
2004,"c2104cdc-c83d-40d2-a3cd-df986e29f5d3",8,"Alabama"
2005,"c2104cdc-c83d-40d2-a3cd-df986e29f5d3",5,"Alabama"
2006,"c2104cdc-c83d-40d2-a3cd-df986e29f5d3",10,"Alabama"
2012,"c2104cdc-c83d-40d2-a3cd-df986e29f5d3",9,"Alabama"
2001,"c31455b2-8a45-4248-aa8f-ce7eab1c6b02",12,"BYU"
2003,"c31455b2-8a45-4248-aa8f-ce7eab1c6b02",12,"BYU"
2004,"c31455b2-8a45-4248-aa8f-ce7eab1c6b02",12,"BYU"
2007,"c31455b2-8a45-4248-aa8f-ce7eab1c6b02",8,"BYU"
2008,"c31455b2-8a45-4248-aa8f-ce7eab1c6b02",8,"BYU"
2009,"c31455b2-8a45-4248-aa8f-ce7eab1c6b02",8,"BYU"
2010,"c31455b2-8a45-4248-aa8f-ce7eab1c6b02",7,"BYU"
2011,"c31455b2-8a45-4248-aa8f-ce7eab1c6b02",3,"BYU"
2012,"c31455b2-8a45-4248-aa8f-ce7eab1c6b02",14,"BYU"
2014,"c31455b2-8a45-4248-aa8f-ce7eab1c6b02",10,"BYU"
2015,"c31455b2-8a45-4248-aa8f-ce7eab1c6b02",11,"BYU"
2000,"c3f0a8ce-af67-497f-a750-3b859376b20a",6,"Indiana"
2001,"c3f0a8ce-af67-497f-a750-3b859376b20a",4,"Indiana"
2002,"c3f0a8ce-af67-497f-a750-3b859376b20a",5,"Indiana"
2003,"c3f0a8ce-af67-497f-a750-3b859376b20a",7,"Indiana"
2006,"c3f0a8ce-af67-497f-a750-3b859376b20a",6,"Indiana"
2007,"c3f0a8ce-af67-497f-a750-3b859376b20a",7,"Indiana"
2008,"c3f0a8ce-af67-497f-a750-3b859376b20a",8,"Indiana"
2012,"c3f0a8ce-af67-497f-a750-3b859376b20a",4,"Indiana"
2013,"c3f0a8ce-af67-497f-a750-3b859376b20a",1,"Indiana"
2015,"c3f0a8ce-af67-497f-a750-3b859376b20a",10,"Indiana"
2016,"c3f0a8ce-af67-497f-a750-3b859376b20a",5,"Indiana"
2000,"c444e03b-d16b-48b2-9b18-823c2647d41d",16,"Jackson St."
2007,"c444e03b-d16b-48b2-9b18-823c2647d41d",16,"Jackson St."
2000,"c54279f9-3028-4663-893a-7d22482f8098",15,"UNCW"
2002,"c54279f9-3028-4663-893a-7d22482f8098",13,"UNCW"
2003,"c54279f9-3028-4663-893a-7d22482f8098",11,"UNCW"
2006,"c54279f9-3028-4663-893a-7d22482f8098",9,"UNCW"
2016,"c54279f9-3028-4663-893a-7d22482f8098",13,"UNCW"
2000,"c70c23c4-ab09-4797-a1af-792c848ab17f",11,"Arkansas"
2001,"c70c23c4-ab09-4797-a1af-792c848ab17f",7,"Arkansas"
2006,"c70c23c4-ab09-4797-a1af-792c848ab17f",8,"Arkansas"
2007,"c70c23c4-ab09-4797-a1af-792c848ab17f",12,"Arkansas"
2008,"c70c23c4-ab09-4797-a1af-792c848ab17f",9,"Arkansas"
2015,"c70c23c4-ab09-4797-a1af-792c848ab17f",5,"Arkansas"
2001,"c7116621-45ed-4ab1-9ad9-dee524120569",14,"Southern Utah"
2000,"c7569eae-5b93-4197-b204-6f3a62146b25",8,"Wisconsin"
2001,"c7569eae-5b93-4197-b204-6f3a62146b25",6,"Wisconsin"
2002,"c7569eae-5b93-4197-b204-6f3a62146b25",8,"Wisconsin"
2003,"c7569eae-5b93-4197-b204-6f3a62146b25",5,"Wisconsin"
2004,"c7569eae-5b93-4197-b204-6f3a62146b25",6,"Wisconsin"
2005,"c7569eae-5b93-4197-b204-6f3a62146b25",6,"Wisconsin"
2006,"c7569eae-5b93-4197-b204-6f3a62146b25",9,"Wisconsin"
2007,"c7569eae-5b93-4197-b204-6f3a62146b25",2,"Wisconsin"
2008,"c7569eae-5b93-4197-b204-6f3a62146b25",3,"Wisconsin"
2009,"c7569eae-5b93-4197-b204-6f3a62146b25",12,"Wisconsin"
2010,"c7569eae-5b93-4197-b204-6f3a62146b25",4,"Wisconsin"
2011,"c7569eae-5b93-4197-b204-6f3a62146b25",4,"Wisconsin"
2012,"c7569eae-5b93-4197-b204-6f3a62146b25",4,"Wisconsin"
2013,"c7569eae-5b93-4197-b204-6f3a62146b25",5,"Wisconsin"
2014,"c7569eae-5b93-4197-b204-6f3a62146b25",2,"Wisconsin"
2015,"c7569eae-5b93-4197-b204-6f3a62146b25",1,"Wisconsin"
2016,"c7569eae-5b93-4197-b204-6f3a62146b25",7,"Wisconsin"
2002,"c851131a-5ecd-4670-81bc-b40f4837dd65",15,"Fla. Atlantic"
2004,"c9570e17-c4fd-41e6-908a-1a083941319d",12,"Pacific"
2005,"c9570e17-c4fd-41e6-908a-1a083941319d",8,"Pacific"
2006,"c9570e17-c4fd-41e6-908a-1a083941319d",13,"Pacific"
2013,"c9570e17-c4fd-41e6-908a-1a083941319d",15,"Pacific"
2000,"ca441726-0c57-4456-b1e7-fff098484fb5",14,"Winthrop"
2001,"ca441726-0c57-4456-b1e7-fff098484fb5",16,"Winthrop"
2002,"ca441726-0c57-4456-b1e7-fff098484fb5",16,"Winthrop"
2005,"ca441726-0c57-4456-b1e7-fff098484fb5",14,"Winthrop"
2006,"ca441726-0c57-4456-b1e7-fff098484fb5",15,"Winthrop"
2007,"ca441726-0c57-4456-b1e7-fff098484fb5",11,"Winthrop"
2008,"ca441726-0c57-4456-b1e7-fff098484fb5",13,"Winthrop"
2010,"ca441726-0c57-4456-b1e7-fff098484fb5",16,"Winthrop"
2016,"ca478771-aa3d-4231-81e0-b70f519134fb",12,"Yale"
2001,"cb732075-23a5-4e71-9037-50a7a002bdb2",13,"CSUN"
2009,"cb732075-23a5-4e71-9037-50a7a002bdb2",15,"CSUN"
2005,"ce967953-5c50-4220-87b2-99acb9606e84",12,"Old Dominion"
2007,"ce967953-5c50-4220-87b2-99acb9606e84",12,"Old Dominion"
2010,"ce967953-5c50-4220-87b2-99acb9606e84",11,"Old Dominion"
2011,"ce967953-5c50-4220-87b2-99acb9606e84",9,"Old Dominion"
2004,"cec2527e-5e1e-4817-a628-35666ef13b6e",16,"Florida A&M"
2007,"cec2527e-5e1e-4817-a628-35666ef13b6e",16,"Florida A&M"
2008,"d203f38a-a166-4258-bca2-e161b591ecfb",11,"Kansas St."
2010,"d203f38a-a166-4258-bca2-e161b591ecfb",2,"Kansas St."
2011,"d203f38a-a166-4258-bca2-e161b591ecfb",5,"Kansas St."
2012,"d203f38a-a166-4258-bca2-e161b591ecfb",8,"Kansas St."
2013,"d203f38a-a166-4258-bca2-e161b591ecfb",4,"Kansas St."
2014,"d203f38a-a166-4258-bca2-e161b591ecfb",9,"Kansas St."
2002,"d2ef641c-70e4-48bb-b40d-ac654d179205",14,"McNeese"
2009,"d3c8a767-b6fc-45d4-a5f2-18406f2993f1",5,"Florida St."
2010,"d3c8a767-b6fc-45d4-a5f2-18406f2993f1",9,"Florida St."
2011,"d3c8a767-b6fc-45d4-a5f2-18406f2993f1",10,"Florida St."
2012,"d3c8a767-b6fc-45d4-a5f2-18406f2993f1",3,"Florida St."
2001,"d4dc55b3-94fe-4d4f-b0bf-c50c5f064392",12,"Hawaii"
2002,"d4dc55b3-94fe-4d4f-b0bf-c50c5f064392",10,"Hawaii"
2016,"d4dc55b3-94fe-4d4f-b0bf-c50c5f064392",13,"Hawaii"
2005,"d52c3640-069c-4554-982e-e6537c8044f1",12,"George Washington"
2006,"d52c3640-069c-4554-982e-e6537c8044f1",8,"George Washington"
2007,"d52c3640-069c-4554-982e-e6537c8044f1",11,"George Washington"
2014,"d52c3640-069c-4554-982e-e6537c8044f1",9,"George Washington"
2003,"d750d88f-f7b8-4bc3-a5f6-36e7a67ec93e",15,"ETSU"
2004,"d750d88f-f7b8-4bc3-a5f6-36e7a67ec93e",13,"ETSU"
2009,"d750d88f-f7b8-4bc3-a5f6-36e7a67ec93e",16,"ETSU"
2010,"d750d88f-f7b8-4bc3-a5f6-36e7a67ec93e",16,"ETSU"
2001,"d7d668ec-edaa-4d6b-be25-2ebba4128643",3,"Ole Miss"
2002,"d7d668ec-edaa-4d6b-be25-2ebba4128643",9,"Ole Miss"
2013,"d7d668ec-edaa-4d6b-be25-2ebba4128643",12,"Ole Miss"
2015,"d7d668ec-edaa-4d6b-be25-2ebba4128643",11,"Ole Miss"
2008,"db6e1cab-3fa3-4a93-a673-8b2a358ff4bf",11,"Baylor"
2010,"db6e1cab-3fa3-4a93-a673-8b2a358ff4bf",3,"Baylor"
2012,"db6e1cab-3fa3-4a93-a673-8b2a358ff4bf",3,"Baylor"
2014,"db6e1cab-3fa3-4a93-a673-8b2a358ff4bf",6,"Baylor"
2015,"db6e1cab-3fa3-4a93-a673-8b2a358ff4bf",3,"Baylor"
2016,"db6e1cab-3fa3-4a93-a673-8b2a358ff4bf",5,"Baylor"
2008,"dcf5c2e7-c227-4c20-af26-715d5f859412",5,"Clemson"
2009,"dcf5c2e7-c227-4c20-af26-715d5f859412",7,"Clemson"
2010,"dcf5c2e7-c227-4c20-af26-715d5f859412",7,"Clemson"
2011,"dcf5c2e7-c227-4c20-af26-715d5f859412",12,"Clemson"
2000,"dd8db4d8-d984-4cab-b7f6-22c6b8c2c45f",9,"Fresno St."
2001,"dd8db4d8-d984-4cab-b7f6-22c6b8c2c45f",9,"Fresno St."
2016,"dd8db4d8-d984-4cab-b7f6-22c6b8c2c45f",14,"Fresno St."
2002,"de9a0e19-b83c-4b98-a6da-81c110cb364b",16,"Boston U."
2011,"de9a0e19-b83c-4b98-a6da-81c110cb364b",16,"Boston U."
2000,"df3da9d7-2d2b-44e2-99e2-08c4945a203b",16,"Valparaiso"
2002,"df3da9d7-2d2b-44e2-99e2-08c4945a203b",13,"Valparaiso"
2004,"df3da9d7-2d2b-44e2-99e2-08c4945a203b",15,"Valparaiso"
2013,"df3da9d7-2d2b-44e2-99e2-08c4945a203b",14,"Valparaiso"
2015,"df3da9d7-2d2b-44e2-99e2-08c4945a203b",13,"Valparaiso"
2002,"dfe0d93f-94a5-47fb-b7aa-f74786e09acb",15,"Ill.-Chicago"
2004,"dfe0d93f-94a5-47fb-b7aa-f74786e09acb",13,"Ill.-Chicago"
2009,"e30c0417-b220-424e-886e-dd1249e2ca5a",13,"Cleveland St."
2002,"e3848467-66c0-41e5-8283-02e3586d8601",15,"Montana"
2005,"e3848467-66c0-41e5-8283-02e3586d8601",16,"Montana"
2006,"e3848467-66c0-41e5-8283-02e3586d8601",12,"Montana"
2010,"e3848467-66c0-41e5-8283-02e3586d8601",14,"Montana"
2012,"e3848467-66c0-41e5-8283-02e3586d8601",13,"Montana"
2013,"e3848467-66c0-41e5-8283-02e3586d8601",13,"Montana"
2005,"e48e3dd5-721c-4d96-8ff4-790fe2597bfd",15,"Eastern Ky."
2007,"e48e3dd5-721c-4d96-8ff4-790fe2597bfd",16,"Eastern Ky."
2014,"e48e3dd5-721c-4d96-8ff4-790fe2597bfd",15,"Eastern Ky."
2014,"e4c315a0-e83f-4d14-856e-34a0463059e3",14,"N.C. Central"
2004,"e52c9644-717a-46f4-bf16-aeca000b3b44",8,"Washington"
2005,"e52c9644-717a-46f4-bf16-aeca000b3b44",1,"Washington"
2006,"e52c9644-717a-46f4-bf16-aeca000b3b44",5,"Washington"
2009,"e52c9644-717a-46f4-bf16-aeca000b3b44",4,"Washington"
2010,"e52c9644-717a-46f4-bf16-aeca000b3b44",11,"Washington"
2011,"e52c9644-717a-46f4-bf16-aeca000b3b44",7,"Washington"
2011,"e66d7ed2-9b4c-48c8-adaa-a276793b057d",14,"Saint Peter's"
2002,"e6914f16-ca37-4d2e-ba26-a425910283e2",13,"San Diego St."
2006,"e6914f16-ca37-4d2e-ba26-a425910283e2",11,"San Diego St."
2010,"e6914f16-ca37-4d2e-ba26-a425910283e2",11,"San Diego St."
2011,"e6914f16-ca37-4d2e-ba26-a425910283e2",2,"San Diego St."
2012,"e6914f16-ca37-4d2e-ba26-a425910283e2",6,"San Diego St."
2013,"e6914f16-ca37-4d2e-ba26-a425910283e2",7,"San Diego St."
2014,"e6914f16-ca37-4d2e-ba26-a425910283e2",4,"San Diego St."
2015,"e6914f16-ca37-4d2e-ba26-a425910283e2",8,"San Diego St."
2000,"e6c94452-1adf-4fb9-90e5-10f165c57c5a",13,"Penn"
2002,"e6c94452-1adf-4fb9-90e5-10f165c57c5a",11,"Penn"
2003,"e6c94452-1adf-4fb9-90e5-10f165c57c5a",11,"Penn"
2005,"e6c94452-1adf-4fb9-90e5-10f165c57c5a",13,"Penn"
2006,"e6c94452-1adf-4fb9-90e5-10f165c57c5a",15,"Penn"
2007,"e6c94452-1adf-4fb9-90e5-10f165c57c5a",14,"Penn"
2001,"e76479d0-a768-46d2-89bf-7b9dae12bec8",14,"George Mason"
2006,"e76479d0-a768-46d2-89bf-7b9dae12bec8",11,"George Mason"
2008,"e76479d0-a768-46d2-89bf-7b9dae12bec8",12,"George Mason"
2011,"e76479d0-a768-46d2-89bf-7b9dae12bec8",8,"George Mason"
2000,"e9ca48b2-00ba-41c0-a02b-6885a2da1ff1",8,"North Carolina"
2001,"e9ca48b2-00ba-41c0-a02b-6885a2da1ff1",2,"North Carolina"
2004,"e9ca48b2-00ba-41c0-a02b-6885a2da1ff1",6,"North Carolina"
2005,"e9ca48b2-00ba-41c0-a02b-6885a2da1ff1",1,"North Carolina"
2006,"e9ca48b2-00ba-41c0-a02b-6885a2da1ff1",3,"North Carolina"
2007,"e9ca48b2-00ba-41c0-a02b-6885a2da1ff1",1,"North Carolina"
2008,"e9ca48b2-00ba-41c0-a02b-6885a2da1ff1",1,"North Carolina"
2009,"e9ca48b2-00ba-41c0-a02b-6885a2da1ff1",1,"North Carolina"
2011,"e9ca48b2-00ba-41c0-a02b-6885a2da1ff1",2,"North Carolina"
2012,"e9ca48b2-00ba-41c0-a02b-6885a2da1ff1",1,"North Carolina"
2013,"e9ca48b2-00ba-41c0-a02b-6885a2da1ff1",8,"North Carolina"
2014,"e9ca48b2-00ba-41c0-a02b-6885a2da1ff1",6,"North Carolina"
2015,"e9ca48b2-00ba-41c0-a02b-6885a2da1ff1",4,"North Carolina"
2016,"e9ca48b2-00ba-41c0-a02b-6885a2da1ff1",1,"North Carolina"
2003,"eb157f98-0697-459c-9293-ddb162ceb28b",16,"Texas Southern"
2014,"eb157f98-0697-459c-9293-ddb162ceb28b",16,"Texas Southern"
2015,"eb157f98-0697-459c-9293-ddb162ceb28b",15,"Texas Southern"
2000,"ec0d6b67-4b16-4b50-92b2-1a651dae6b0f",6,"UCLA"
2001,"ec0d6b67-4b16-4b50-92b2-1a651dae6b0f",4,"UCLA"
2002,"ec0d6b67-4b16-4b50-92b2-1a651dae6b0f",8,"UCLA"
2005,"ec0d6b67-4b16-4b50-92b2-1a651dae6b0f",11,"UCLA"
2006,"ec0d6b67-4b16-4b50-92b2-1a651dae6b0f",2,"UCLA"
2007,"ec0d6b67-4b16-4b50-92b2-1a651dae6b0f",2,"UCLA"
2008,"ec0d6b67-4b16-4b50-92b2-1a651dae6b0f",1,"UCLA"
2009,"ec0d6b67-4b16-4b50-92b2-1a651dae6b0f",6,"UCLA"
2011,"ec0d6b67-4b16-4b50-92b2-1a651dae6b0f",7,"UCLA"
2013,"ec0d6b67-4b16-4b50-92b2-1a651dae6b0f",6,"UCLA"
2014,"ec0d6b67-4b16-4b50-92b2-1a651dae6b0f",4,"UCLA"
2015,"ec0d6b67-4b16-4b50-92b2-1a651dae6b0f",11,"UCLA"
2000,"eda6c307-1e0f-4a28-82f4-ee9653b343fb",16,"Lamar University"
2012,"eda6c307-1e0f-4a28-82f4-ee9653b343fb",16,"Lamar University"
2000,"ee09e6ad-3872-4745-bbb9-ebbd5c6f8318",9,"DePaul"
2004,"ee09e6ad-3872-4745-bbb9-ebbd5c6f8318",7,"DePaul"
2006,"ef184799-d79b-49d9-a662-991eaf4044cd",12,"Texas A&M"
2007,"ef184799-d79b-49d9-a662-991eaf4044cd",3,"Texas A&M"
2008,"ef184799-d79b-49d9-a662-991eaf4044cd",9,"Texas A&M"
2009,"ef184799-d79b-49d9-a662-991eaf4044cd",9,"Texas A&M"
2010,"ef184799-d79b-49d9-a662-991eaf4044cd",5,"Texas A&M"
2011,"ef184799-d79b-49d9-a662-991eaf4044cd",7,"Texas A&M"
2016,"ef184799-d79b-49d9-a662-991eaf4044cd",3,"Texas A&M"
2000,"efba5350-79bc-47aa-a189-db177b95b491",5,"UConn"
2002,"efba5350-79bc-47aa-a189-db177b95b491",2,"UConn"
2003,"efba5350-79bc-47aa-a189-db177b95b491",5,"UConn"
2004,"efba5350-79bc-47aa-a189-db177b95b491",2,"UConn"
2005,"efba5350-79bc-47aa-a189-db177b95b491",2,"UConn"
2006,"efba5350-79bc-47aa-a189-db177b95b491",1,"UConn"
2008,"efba5350-79bc-47aa-a189-db177b95b491",4,"UConn"
2009,"efba5350-79bc-47aa-a189-db177b95b491",1,"UConn"
2011,"efba5350-79bc-47aa-a189-db177b95b491",3,"UConn"
2012,"efba5350-79bc-47aa-a189-db177b95b491",9,"UConn"
2014,"efba5350-79bc-47aa-a189-db177b95b491",7,"UConn"
2016,"efba5350-79bc-47aa-a189-db177b95b491",9,"UConn"
2004,"f2164f01-2cbc-4967-bb1c-93656d790921",11,"Western Mich."
2014,"f2164f01-2cbc-4967-bb1c-93656d790921",14,"Western Mich."
2009,"f2cf9ba2-ac8c-4d92-8e7a-48dd88e8f40b",16,"Radford"
2006,"f38b58de-3273-4723-a78b-2f918e9aa2d5",7,"Wichita St."
2012,"f38b58de-3273-4723-a78b-2f918e9aa2d5",5,"Wichita St."
2013,"f38b58de-3273-4723-a78b-2f918e9aa2d5",9,"Wichita St."
2014,"f38b58de-3273-4723-a78b-2f918e9aa2d5",1,"Wichita St."
2015,"f38b58de-3273-4723-a78b-2f918e9aa2d5",7,"Wichita St."
2016,"f38b58de-3273-4723-a78b-2f918e9aa2d5",11,"Wichita St."
2005,"f7575278-12ec-494a-b544-427c1759d43d",14,"Niagara"
2007,"f7575278-12ec-494a-b544-427c1759d43d",16,"Niagara"
2005,"f770d3a2-221c-49ce-9c7a-680f7417fe9e",7,"West Virginia"
2006,"f770d3a2-221c-49ce-9c7a-680f7417fe9e",6,"West Virginia"
2008,"f770d3a2-221c-49ce-9c7a-680f7417fe9e",7,"West Virginia"
2009,"f770d3a2-221c-49ce-9c7a-680f7417fe9e",6,"West Virginia"
2010,"f770d3a2-221c-49ce-9c7a-680f7417fe9e",2,"West Virginia"
2011,"f770d3a2-221c-49ce-9c7a-680f7417fe9e",5,"West Virginia"
2012,"f770d3a2-221c-49ce-9c7a-680f7417fe9e",10,"West Virginia"
2015,"f770d3a2-221c-49ce-9c7a-680f7417fe9e",5,"West Virginia"
2016,"f770d3a2-221c-49ce-9c7a-680f7417fe9e",3,"West Virginia"
2014,"f8b1bf00-5b73-4ac4-98c0-ec554027ae32",11,"Nebraska"
2002,"f8c705b7-87d3-411a-9c8b-5124daab0469",6,"Texas Tech"
2004,"f8c705b7-87d3-411a-9c8b-5124daab0469",8,"Texas Tech"
2005,"f8c705b7-87d3-411a-9c8b-5124daab0469",6,"Texas Tech"
2007,"f8c705b7-87d3-411a-9c8b-5124daab0469",10,"Texas Tech"
2016,"f8c705b7-87d3-411a-9c8b-5124daab0469",8,"Texas Tech"
2001,"f9e4261e-d11d-46c4-bd33-c7bbc94ef0e8",9,"Saint Joseph's"
2003,"f9e4261e-d11d-46c4-bd33-c7bbc94ef0e8",7,"Saint Joseph's"
2004,"f9e4261e-d11d-46c4-bd33-c7bbc94ef0e8",1,"Saint Joseph's"
2008,"f9e4261e-d11d-46c4-bd33-c7bbc94ef0e8",11,"Saint Joseph's"
2014,"f9e4261e-d11d-46c4-bd33-c7bbc94ef0e8",10,"Saint Joseph's"
2016,"f9e4261e-d11d-46c4-bd33-c7bbc94ef0e8",8,"Saint Joseph's"
2009,"fa0f8282-c4f1-490e-962c-f25350cd76f4",15,"Binghamton"
2005,"fa416692-7e09-4f0a-9bcf-0cf7d5149a14",8,"Minnesota"
2009,"fa416692-7e09-4f0a-9bcf-0cf7d5149a14",10,"Minnesota"
2010,"fa416692-7e09-4f0a-9bcf-0cf7d5149a14",11,"Minnesota"
2013,"fa416692-7e09-4f0a-9bcf-0cf7d5149a14",11,"Minnesota"
2000,"fae4855b-1b64-4b40-a632-9ed345e1e952",8,"Kansas"
2001,"fae4855b-1b64-4b40-a632-9ed345e1e952",4,"Kansas"
2002,"fae4855b-1b64-4b40-a632-9ed345e1e952",1,"Kansas"
2003,"fae4855b-1b64-4b40-a632-9ed345e1e952",2,"Kansas"
2004,"fae4855b-1b64-4b40-a632-9ed345e1e952",4,"Kansas"
2005,"fae4855b-1b64-4b40-a632-9ed345e1e952",3,"Kansas"
2006,"fae4855b-1b64-4b40-a632-9ed345e1e952",4,"Kansas"
2007,"fae4855b-1b64-4b40-a632-9ed345e1e952",1,"Kansas"
2008,"fae4855b-1b64-4b40-a632-9ed345e1e952",1,"Kansas"
2009,"fae4855b-1b64-4b40-a632-9ed345e1e952",3,"Kansas"
2010,"fae4855b-1b64-4b40-a632-9ed345e1e952",1,"Kansas"
2011,"fae4855b-1b64-4b40-a632-9ed345e1e952",1,"Kansas"
2012,"fae4855b-1b64-4b40-a632-9ed345e1e952",2,"Kansas"
2013,"fae4855b-1b64-4b40-a632-9ed345e1e952",1,"Kansas"
2014,"fae4855b-1b64-4b40-a632-9ed345e1e952",2,"Kansas"
2015,"fae4855b-1b64-4b40-a632-9ed345e1e952",2,"Kansas"
2016,"fae4855b-1b64-4b40-a632-9ed345e1e952",1,"Kansas"
2000,"faeb1160-5d15-4f26-99fc-c441cf21fc7f",1,"Duke"
2001,"faeb1160-5d15-4f26-99fc-c441cf21fc7f",1,"Duke"
2002,"faeb1160-5d15-4f26-99fc-c441cf21fc7f",1,"Duke"
2003,"faeb1160-5d15-4f26-99fc-c441cf21fc7f",3,"Duke"
2004,"faeb1160-5d15-4f26-99fc-c441cf21fc7f",1,"Duke"
2005,"faeb1160-5d15-4f26-99fc-c441cf21fc7f",1,"Duke"
2006,"faeb1160-5d15-4f26-99fc-c441cf21fc7f",1,"Duke"
2007,"faeb1160-5d15-4f26-99fc-c441cf21fc7f",6,"Duke"
2008,"faeb1160-5d15-4f26-99fc-c441cf21fc7f",2,"Duke"
2009,"faeb1160-5d15-4f26-99fc-c441cf21fc7f",2,"Duke"
2010,"faeb1160-5d15-4f26-99fc-c441cf21fc7f",1,"Duke"
2011,"faeb1160-5d15-4f26-99fc-c441cf21fc7f",1,"Duke"
2012,"faeb1160-5d15-4f26-99fc-c441cf21fc7f",2,"Duke"
2013,"faeb1160-5d15-4f26-99fc-c441cf21fc7f",2,"Duke"
2014,"faeb1160-5d15-4f26-99fc-c441cf21fc7f",3,"Duke"
2015,"faeb1160-5d15-4f26-99fc-c441cf21fc7f",1,"Duke"
2016,"faeb1160-5d15-4f26-99fc-c441cf21fc7f",4,"Duke"
2007,"fe21a988-3e96-4f3c-8f9f-b449ccda43b0",15,"A&M-Corpus Christi"
2001,"fe406882-9f22-495e-9df6-ef357a6803c6",15,"Princeton"
2004,"fe406882-9f22-495e-9df6-ef357a6803c6",14,"Princeton"
2011,"fe406882-9f22-495e-9df6-ef357a6803c6",13,"Princeton"
2005,"ffa04cde-aa2d-4e91-b2cd-bde2bfed44de",16,"Delaware St."
